{
  "anchors": [
    10,
    13,
    16,
    30,
    33,
    23,
    30,
    61,
    62,
    45,
    59,
    119,
    116,
    90,
    156,
    198,
    373,
    326
  ],
  "inputs": {
    "input0": [
      224,
      224,
      3
    ]
  },
  "outputs": {
    "output0": [
      28,
      28,
      21
    ],
    "output1": [
      14,
      14,
      21
    ],
    "output2": [
      7,
      7,
      21
    ]
  },
  "params_quantity": 7025023,
  "loss": [
    [
      1,
      4.54395
    ],
    [
      2,
      3.75048
    ],
    [
      3,
      3.14192
    ],
    [
      4,
      2.70546
    ],
    [
      5,
      2.38368
    ],
    [
      6,
      2.13045
    ],
    [
      7,
      1.92849
    ],
    [
      8,
      1.71993
    ],
    [
      9,
      1.57089
    ],
    [
      10,
      1.47573
    ],
    [
      11,
      1.37407
    ],
    [
      12,
      1.29478
    ],
    [
      13,
      1.23988
    ],
    [
      14,
      1.16572
    ],
    [
      15,
      1.12917
    ],
    [
      16,
      1.08594
    ],
    [
      17,
      1.06647
    ],
    [
      18,
      1.02864
    ],
    [
      19,
      1.00108
    ],
    [
      20,
      0.97372
    ],
    [
      21,
      0.95297
    ],
    [
      22,
      0.91257
    ],
    [
      23,
      0.91001
    ],
    [
      24,
      0.8754
    ],
    [
      25,
      0.8526
    ],
    [
      26,
      0.83334
    ],
    [
      27,
      0.84068
    ],
    [
      28,
      0.79584
    ],
    [
      29,
      0.80016
    ],
    [
      30,
      0.77738
    ],
    [
      31,
      0.77547
    ],
    [
      32,
      0.75574
    ],
    [
      33,
      0.73682
    ],
    [
      34,
      0.72344
    ],
    [
      35,
      0.75319
    ],
    [
      36,
      0.71032
    ],
    [
      37,
      0.70175
    ],
    [
      38,
      0.69658
    ],
    [
      39,
      0.68388
    ],
    [
      40,
      0.66891
    ],
    [
      41,
      0.66199
    ],
    [
      42,
      0.64866
    ],
    [
      43,
      0.65435
    ],
    [
      44,
      0.67496
    ],
    [
      45,
      0.62761
    ],
    [
      46,
      0.62466
    ],
    [
      47,
      0.6134
    ],
    [
      48,
      0.60576
    ],
    [
      49,
      0.61962
    ],
    [
      50,
      0.60328
    ],
    [
      51,
      0.60555
    ],
    [
      52,
      0.5838
    ],
    [
      53,
      0.5849
    ],
    [
      54,
      0.57798
    ],
    [
      55,
      0.57829
    ],
    [
      56,
      0.57464
    ],
    [
      57,
      0.56124
    ],
    [
      58,
      0.57061
    ],
    [
      59,
      0.57216
    ],
    [
      60,
      0.56096
    ],
    [
      61,
      0.56213
    ],
    [
      62,
      0.55781
    ],
    [
      63,
      0.54682
    ],
    [
      64,
      0.53936
    ],
    [
      65,
      0.53779
    ],
    [
      66,
      0.52721
    ],
    [
      67,
      0.52494
    ],
    [
      68,
      0.52308
    ],
    [
      69,
      0.51604
    ],
    [
      70,
      0.52111
    ],
    [
      71,
      0.51085
    ],
    [
      72,
      0.50615
    ],
    [
      73,
      0.50493
    ],
    [
      74,
      0.49371
    ],
    [
      75,
      0.4915
    ],
    [
      76,
      0.51042
    ],
    [
      77,
      0.50269
    ],
    [
      78,
      0.49118
    ],
    [
      79,
      0.49575
    ],
    [
      80,
      0.48048
    ],
    [
      81,
      0.47807
    ],
    [
      82,
      0.47344
    ],
    [
      83,
      0.48833
    ],
    [
      84,
      0.47452
    ],
    [
      85,
      0.47572
    ],
    [
      86,
      0.48772
    ],
    [
      87,
      0.47533
    ],
    [
      88,
      0.46835
    ],
    [
      89,
      0.45562
    ],
    [
      90,
      0.45885
    ],
    [
      91,
      0.45432
    ],
    [
      92,
      0.4542
    ],
    [
      93,
      0.44608
    ],
    [
      94,
      0.44844
    ],
    [
      95,
      0.44447
    ],
    [
      96,
      0.44379
    ],
    [
      97,
      0.45454
    ],
    [
      98,
      0.44327
    ],
    [
      99,
      0.44217
    ],
    [
      100,
      0.44017
    ],
    [
      101,
      0.42354
    ],
    [
      102,
      0.43768
    ],
    [
      103,
      0.43593
    ],
    [
      104,
      0.44371
    ],
    [
      105,
      0.43117
    ],
    [
      106,
      0.42079
    ],
    [
      107,
      0.43872
    ],
    [
      108,
      0.42267
    ],
    [
      109,
      0.4257
    ],
    [
      110,
      0.42463
    ],
    [
      111,
      0.41858
    ],
    [
      112,
      0.40836
    ],
    [
      113,
      0.42167
    ],
    [
      114,
      0.41816
    ],
    [
      115,
      0.41246
    ],
    [
      116,
      0.40683
    ],
    [
      117,
      0.42017
    ],
    [
      118,
      0.40322
    ],
    [
      119,
      0.39807
    ],
    [
      120,
      0.39766
    ],
    [
      121,
      0.40989
    ],
    [
      122,
      0.40345
    ],
    [
      123,
      0.40112
    ],
    [
      124,
      0.40508
    ],
    [
      125,
      0.39133
    ],
    [
      126,
      0.38753
    ],
    [
      127,
      0.39833
    ],
    [
      128,
      0.3837
    ],
    [
      129,
      0.38017
    ],
    [
      130,
      0.38331
    ],
    [
      131,
      0.39251
    ],
    [
      132,
      0.38523
    ],
    [
      133,
      0.39778
    ],
    [
      134,
      0.38775
    ],
    [
      135,
      0.38606
    ],
    [
      136,
      0.37749
    ],
    [
      137,
      0.39435
    ],
    [
      138,
      0.3823
    ],
    [
      139,
      0.37585
    ],
    [
      140,
      0.37512
    ],
    [
      141,
      0.3797
    ],
    [
      142,
      0.37609
    ],
    [
      143,
      0.37399
    ],
    [
      144,
      0.37511
    ],
    [
      145,
      0.37173
    ],
    [
      146,
      0.3818
    ],
    [
      147,
      0.37719
    ],
    [
      148,
      0.37132
    ],
    [
      149,
      0.3872
    ],
    [
      150,
      0.37198
    ],
    [
      151,
      0.35935
    ],
    [
      152,
      0.36705
    ],
    [
      153,
      0.36653
    ],
    [
      154,
      0.3565
    ],
    [
      155,
      0.35824
    ],
    [
      156,
      0.35715
    ],
    [
      157,
      0.3522
    ],
    [
      158,
      0.35925
    ],
    [
      159,
      0.35881
    ],
    [
      160,
      0.3413
    ],
    [
      161,
      0.35448
    ],
    [
      162,
      0.36082
    ],
    [
      163,
      0.34234
    ],
    [
      164,
      0.35428
    ],
    [
      165,
      0.36056
    ],
    [
      166,
      0.35019
    ],
    [
      167,
      0.34542
    ],
    [
      168,
      0.34659
    ],
    [
      169,
      0.34176
    ],
    [
      170,
      0.34558
    ],
    [
      171,
      0.33854
    ],
    [
      172,
      0.3426
    ],
    [
      173,
      0.34386
    ],
    [
      174,
      0.34001
    ],
    [
      175,
      0.34023
    ],
    [
      176,
      0.34073
    ],
    [
      177,
      0.32792
    ],
    [
      178,
      0.34348
    ],
    [
      179,
      0.33075
    ],
    [
      180,
      0.33605
    ],
    [
      181,
      0.32679
    ],
    [
      182,
      0.33134
    ],
    [
      183,
      0.33397
    ],
    [
      184,
      0.33422
    ],
    [
      185,
      0.33662
    ],
    [
      186,
      0.33815
    ],
    [
      187,
      0.33205
    ],
    [
      188,
      0.33508
    ],
    [
      189,
      0.34032
    ],
    [
      190,
      0.32535
    ],
    [
      191,
      0.33777
    ],
    [
      192,
      0.3326
    ],
    [
      193,
      0.32385
    ],
    [
      194,
      0.3198
    ],
    [
      195,
      0.32303
    ],
    [
      196,
      0.32906
    ],
    [
      197,
      0.32043
    ],
    [
      198,
      0.31519
    ],
    [
      199,
      0.3179
    ],
    [
      200,
      0.31641
    ]
  ],
  "loss_conf": [
    [
      1,
      0.00878
    ],
    [
      2,
      0.01129
    ],
    [
      3,
      0.01208
    ],
    [
      4,
      0.01132
    ],
    [
      5,
      0.01
    ],
    [
      6,
      0.00923
    ],
    [
      7,
      0.00881
    ],
    [
      8,
      0.00843
    ],
    [
      9,
      0.00807
    ],
    [
      10,
      0.00776
    ],
    [
      11,
      0.00742
    ],
    [
      12,
      0.00719
    ],
    [
      13,
      0.00694
    ],
    [
      14,
      0.00676
    ],
    [
      15,
      0.00666
    ],
    [
      16,
      0.00649
    ],
    [
      17,
      0.00639
    ],
    [
      18,
      0.00623
    ],
    [
      19,
      0.00611
    ],
    [
      20,
      0.006
    ],
    [
      21,
      0.00593
    ],
    [
      22,
      0.0058
    ],
    [
      23,
      0.00571
    ],
    [
      24,
      0.00562
    ],
    [
      25,
      0.00554
    ],
    [
      26,
      0.00539
    ],
    [
      27,
      0.00538
    ],
    [
      28,
      0.00523
    ],
    [
      29,
      0.00514
    ],
    [
      30,
      0.00511
    ],
    [
      31,
      0.00501
    ],
    [
      32,
      0.00493
    ],
    [
      33,
      0.0049
    ],
    [
      34,
      0.00486
    ],
    [
      35,
      0.00484
    ],
    [
      36,
      0.00472
    ],
    [
      37,
      0.00461
    ],
    [
      38,
      0.00459
    ],
    [
      39,
      0.00455
    ],
    [
      40,
      0.00448
    ],
    [
      41,
      0.00441
    ],
    [
      42,
      0.00442
    ],
    [
      43,
      0.00432
    ],
    [
      44,
      0.00426
    ],
    [
      45,
      0.0042
    ],
    [
      46,
      0.00415
    ],
    [
      47,
      0.00411
    ],
    [
      48,
      0.00408
    ],
    [
      49,
      0.00408
    ],
    [
      50,
      0.004
    ],
    [
      51,
      0.004
    ],
    [
      52,
      0.00394
    ],
    [
      53,
      0.00392
    ],
    [
      54,
      0.00383
    ],
    [
      55,
      0.0038
    ],
    [
      56,
      0.00376
    ],
    [
      57,
      0.00372
    ],
    [
      58,
      0.00371
    ],
    [
      59,
      0.00367
    ],
    [
      60,
      0.00367
    ],
    [
      61,
      0.00366
    ],
    [
      62,
      0.00357
    ],
    [
      63,
      0.00353
    ],
    [
      64,
      0.00355
    ],
    [
      65,
      0.00349
    ],
    [
      66,
      0.00344
    ],
    [
      67,
      0.00343
    ],
    [
      68,
      0.0034
    ],
    [
      69,
      0.00337
    ],
    [
      70,
      0.00334
    ],
    [
      71,
      0.00332
    ],
    [
      72,
      0.00329
    ],
    [
      73,
      0.00328
    ],
    [
      74,
      0.00323
    ],
    [
      75,
      0.0032
    ],
    [
      76,
      0.0032
    ],
    [
      77,
      0.00321
    ],
    [
      78,
      0.00315
    ],
    [
      79,
      0.00315
    ],
    [
      80,
      0.00314
    ],
    [
      81,
      0.0031
    ],
    [
      82,
      0.00305
    ],
    [
      83,
      0.00305
    ],
    [
      84,
      0.00306
    ],
    [
      85,
      0.00304
    ],
    [
      86,
      0.00304
    ],
    [
      87,
      0.00301
    ],
    [
      88,
      0.00301
    ],
    [
      89,
      0.00295
    ],
    [
      90,
      0.00291
    ],
    [
      91,
      0.0029
    ],
    [
      92,
      0.00288
    ],
    [
      93,
      0.00287
    ],
    [
      94,
      0.00285
    ],
    [
      95,
      0.00284
    ],
    [
      96,
      0.00281
    ],
    [
      97,
      0.00278
    ],
    [
      98,
      0.00277
    ],
    [
      99,
      0.00275
    ],
    [
      100,
      0.00276
    ],
    [
      101,
      0.00271
    ],
    [
      102,
      0.00269
    ],
    [
      103,
      0.00271
    ],
    [
      104,
      0.00271
    ],
    [
      105,
      0.00268
    ],
    [
      106,
      0.00263
    ],
    [
      107,
      0.00264
    ],
    [
      108,
      0.00258
    ],
    [
      109,
      0.00259
    ],
    [
      110,
      0.0026
    ],
    [
      111,
      0.00256
    ],
    [
      112,
      0.00256
    ],
    [
      113,
      0.00256
    ],
    [
      114,
      0.00255
    ],
    [
      115,
      0.00252
    ],
    [
      116,
      0.00248
    ],
    [
      117,
      0.00252
    ],
    [
      118,
      0.00246
    ],
    [
      119,
      0.00247
    ],
    [
      120,
      0.00245
    ],
    [
      121,
      0.00245
    ],
    [
      122,
      0.00241
    ],
    [
      123,
      0.00242
    ],
    [
      124,
      0.00241
    ],
    [
      125,
      0.0024
    ],
    [
      126,
      0.00239
    ],
    [
      127,
      0.00235
    ],
    [
      128,
      0.00236
    ],
    [
      129,
      0.00235
    ],
    [
      130,
      0.00231
    ],
    [
      131,
      0.00234
    ],
    [
      132,
      0.0023
    ],
    [
      133,
      0.00232
    ],
    [
      134,
      0.00234
    ],
    [
      135,
      0.00228
    ],
    [
      136,
      0.00227
    ],
    [
      137,
      0.00229
    ],
    [
      138,
      0.00228
    ],
    [
      139,
      0.00227
    ],
    [
      140,
      0.00226
    ],
    [
      141,
      0.00225
    ],
    [
      142,
      0.00221
    ],
    [
      143,
      0.00219
    ],
    [
      144,
      0.00221
    ],
    [
      145,
      0.00217
    ],
    [
      146,
      0.0022
    ],
    [
      147,
      0.00218
    ],
    [
      148,
      0.00219
    ],
    [
      149,
      0.00218
    ],
    [
      150,
      0.00215
    ],
    [
      151,
      0.00214
    ],
    [
      152,
      0.00215
    ],
    [
      153,
      0.00214
    ],
    [
      154,
      0.00211
    ],
    [
      155,
      0.00211
    ],
    [
      156,
      0.00211
    ],
    [
      157,
      0.0021
    ],
    [
      158,
      0.00208
    ],
    [
      159,
      0.00207
    ],
    [
      160,
      0.00204
    ],
    [
      161,
      0.00207
    ],
    [
      162,
      0.00207
    ],
    [
      163,
      0.00204
    ],
    [
      164,
      0.00203
    ],
    [
      165,
      0.00206
    ],
    [
      166,
      0.00201
    ],
    [
      167,
      0.00199
    ],
    [
      168,
      0.002
    ],
    [
      169,
      0.00198
    ],
    [
      170,
      0.002
    ],
    [
      171,
      0.00197
    ],
    [
      172,
      0.00197
    ],
    [
      173,
      0.00197
    ],
    [
      174,
      0.00195
    ],
    [
      175,
      0.00192
    ],
    [
      176,
      0.00192
    ],
    [
      177,
      0.00192
    ],
    [
      178,
      0.00194
    ],
    [
      179,
      0.0019
    ],
    [
      180,
      0.00191
    ],
    [
      181,
      0.00192
    ],
    [
      182,
      0.00189
    ],
    [
      183,
      0.00189
    ],
    [
      184,
      0.0019
    ],
    [
      185,
      0.00188
    ],
    [
      186,
      0.00186
    ],
    [
      187,
      0.00187
    ],
    [
      188,
      0.00186
    ],
    [
      189,
      0.00185
    ],
    [
      190,
      0.00184
    ],
    [
      191,
      0.00186
    ],
    [
      192,
      0.00184
    ],
    [
      193,
      0.00183
    ],
    [
      194,
      0.0018
    ],
    [
      195,
      0.00182
    ],
    [
      196,
      0.00182
    ],
    [
      197,
      0.00181
    ],
    [
      198,
      0.0018
    ],
    [
      199,
      0.00177
    ],
    [
      200,
      0.00178
    ]
  ],
  "loss_pos": [
    [
      1,
      0.10382
    ],
    [
      2,
      0.08108
    ],
    [
      3,
      0.06422
    ],
    [
      4,
      0.05305
    ],
    [
      5,
      0.0464
    ],
    [
      6,
      0.04171
    ],
    [
      7,
      0.03899
    ],
    [
      8,
      0.03593
    ],
    [
      9,
      0.03421
    ],
    [
      10,
      0.03318
    ],
    [
      11,
      0.03174
    ],
    [
      12,
      0.03013
    ],
    [
      13,
      0.02934
    ],
    [
      14,
      0.02777
    ],
    [
      15,
      0.02696
    ],
    [
      16,
      0.02584
    ],
    [
      17,
      0.02533
    ],
    [
      18,
      0.02461
    ],
    [
      19,
      0.02405
    ],
    [
      20,
      0.02326
    ],
    [
      21,
      0.02294
    ],
    [
      22,
      0.02188
    ],
    [
      23,
      0.02178
    ],
    [
      24,
      0.02093
    ],
    [
      25,
      0.02021
    ],
    [
      26,
      0.01985
    ],
    [
      27,
      0.02021
    ],
    [
      28,
      0.01897
    ],
    [
      29,
      0.01914
    ],
    [
      30,
      0.01838
    ],
    [
      31,
      0.01859
    ],
    [
      32,
      0.01812
    ],
    [
      33,
      0.01753
    ],
    [
      34,
      0.01719
    ],
    [
      35,
      0.01816
    ],
    [
      36,
      0.01689
    ],
    [
      37,
      0.01671
    ],
    [
      38,
      0.01668
    ],
    [
      39,
      0.0163
    ],
    [
      40,
      0.01592
    ],
    [
      41,
      0.01575
    ],
    [
      42,
      0.01538
    ],
    [
      43,
      0.01565
    ],
    [
      44,
      0.01629
    ],
    [
      45,
      0.01493
    ],
    [
      46,
      0.01486
    ],
    [
      47,
      0.01457
    ],
    [
      48,
      0.01435
    ],
    [
      49,
      0.01483
    ],
    [
      50,
      0.01437
    ],
    [
      51,
      0.01444
    ],
    [
      52,
      0.01389
    ],
    [
      53,
      0.01394
    ],
    [
      54,
      0.01376
    ],
    [
      55,
      0.01379
    ],
    [
      56,
      0.01377
    ],
    [
      57,
      0.01342
    ],
    [
      58,
      0.01372
    ],
    [
      59,
      0.01379
    ],
    [
      60,
      0.01342
    ],
    [
      61,
      0.01342
    ],
    [
      62,
      0.01342
    ],
    [
      63,
      0.01311
    ],
    [
      64,
      0.01291
    ],
    [
      65,
      0.01292
    ],
    [
      66,
      0.01264
    ],
    [
      67,
      0.01253
    ],
    [
      68,
      0.01253
    ],
    [
      69,
      0.01236
    ],
    [
      70,
      0.01257
    ],
    [
      71,
      0.01227
    ],
    [
      72,
      0.01216
    ],
    [
      73,
      0.01211
    ],
    [
      74,
      0.01183
    ],
    [
      75,
      0.01178
    ],
    [
      76,
      0.01236
    ],
    [
      77,
      0.0121
    ],
    [
      78,
      0.01184
    ],
    [
      79,
      0.01199
    ],
    [
      80,
      0.01145
    ],
    [
      81,
      0.01148
    ],
    [
      82,
      0.01137
    ],
    [
      83,
      0.01185
    ],
    [
      84,
      0.01135
    ],
    [
      85,
      0.01148
    ],
    [
      86,
      0.01182
    ],
    [
      87,
      0.01153
    ],
    [
      88,
      0.01132
    ],
    [
      89,
      0.01092
    ],
    [
      90,
      0.01109
    ],
    [
      91,
      0.01089
    ],
    [
      92,
      0.01096
    ],
    [
      93,
      0.01074
    ],
    [
      94,
      0.01079
    ],
    [
      95,
      0.0107
    ],
    [
      96,
      0.01072
    ],
    [
      97,
      0.01107
    ],
    [
      98,
      0.01073
    ],
    [
      99,
      0.01066
    ],
    [
      100,
      0.01066
    ],
    [
      101,
      0.01013
    ],
    [
      102,
      0.01068
    ],
    [
      103,
      0.01055
    ],
    [
      104,
      0.01074
    ],
    [
      105,
      0.01043
    ],
    [
      106,
      0.01017
    ],
    [
      107,
      0.01074
    ],
    [
      108,
      0.01029
    ],
    [
      109,
      0.01038
    ],
    [
      110,
      0.01033
    ],
    [
      111,
      0.01024
    ],
    [
      112,
      0.00988
    ],
    [
      113,
      0.01031
    ],
    [
      114,
      0.01018
    ],
    [
      115,
      0.01001
    ],
    [
      116,
      0.0099
    ],
    [
      117,
      0.01028
    ],
    [
      118,
      0.00981
    ],
    [
      119,
      0.00966
    ],
    [
      120,
      0.00966
    ],
    [
      121,
      0.01007
    ],
    [
      122,
      0.00983
    ],
    [
      123,
      0.00979
    ],
    [
      124,
      0.00991
    ],
    [
      125,
      0.00948
    ],
    [
      126,
      0.00939
    ],
    [
      127,
      0.00977
    ],
    [
      128,
      0.00932
    ],
    [
      129,
      0.00922
    ],
    [
      130,
      0.00934
    ],
    [
      131,
      0.00963
    ],
    [
      132,
      0.00941
    ],
    [
      133,
      0.0098
    ],
    [
      134,
      0.00944
    ],
    [
      135,
      0.0095
    ],
    [
      136,
      0.00921
    ],
    [
      137,
      0.00972
    ],
    [
      138,
      0.00939
    ],
    [
      139,
      0.00918
    ],
    [
      140,
      0.00916
    ],
    [
      141,
      0.00933
    ],
    [
      142,
      0.00923
    ],
    [
      143,
      0.00918
    ],
    [
      144,
      0.00922
    ],
    [
      145,
      0.00914
    ],
    [
      146,
      0.00944
    ],
    [
      147,
      0.00928
    ],
    [
      148,
      0.0091
    ],
    [
      149,
      0.00965
    ],
    [
      150,
      0.0092
    ],
    [
      151,
      0.0088
    ],
    [
      152,
      0.00904
    ],
    [
      153,
      0.00901
    ],
    [
      154,
      0.00875
    ],
    [
      155,
      0.0088
    ],
    [
      156,
      0.00878
    ],
    [
      157,
      0.00866
    ],
    [
      158,
      0.00888
    ],
    [
      159,
      0.00886
    ],
    [
      160,
      0.00834
    ],
    [
      161,
      0.00871
    ],
    [
      162,
      0.00892
    ],
    [
      163,
      0.00839
    ],
    [
      164,
      0.00876
    ],
    [
      165,
      0.00896
    ],
    [
      166,
      0.00865
    ],
    [
      167,
      0.00852
    ],
    [
      168,
      0.00855
    ],
    [
      169,
      0.00841
    ],
    [
      170,
      0.00851
    ],
    [
      171,
      0.00839
    ],
    [
      172,
      0.00847
    ],
    [
      173,
      0.00847
    ],
    [
      174,
      0.0084
    ],
    [
      175,
      0.00846
    ],
    [
      176,
      0.00846
    ],
    [
      177,
      0.00805
    ],
    [
      178,
      0.00854
    ],
    [
      179,
      0.00819
    ],
    [
      180,
      0.00832
    ],
    [
      181,
      0.00801
    ],
    [
      182,
      0.00819
    ],
    [
      183,
      0.00828
    ],
    [
      184,
      0.00828
    ],
    [
      185,
      0.00836
    ],
    [
      186,
      0.00845
    ],
    [
      187,
      0.00823
    ],
    [
      188,
      0.00833
    ],
    [
      189,
      0.00851
    ],
    [
      190,
      0.00804
    ],
    [
      191,
      0.00843
    ],
    [
      192,
      0.00829
    ],
    [
      193,
      0.00803
    ],
    [
      194,
      0.00794
    ],
    [
      195,
      0.00801
    ],
    [
      196,
      0.00819
    ],
    [
      197,
      0.00796
    ],
    [
      198,
      0.00778
    ],
    [
      199,
      0.00788
    ],
    [
      200,
      0.00783
    ]
  ],
  "loss_class": [
    [
      1,
      0.03064
    ],
    [
      2,
      0.02591
    ],
    [
      3,
      0.0229
    ],
    [
      4,
      0.021
    ],
    [
      5,
      0.01877
    ],
    [
      6,
      0.01626
    ],
    [
      7,
      0.01303
    ],
    [
      8,
      0.00987
    ],
    [
      9,
      0.0073
    ],
    [
      10,
      0.00565
    ],
    [
      11,
      0.00418
    ],
    [
      12,
      0.00346
    ],
    [
      13,
      0.00289
    ],
    [
      14,
      0.00226
    ],
    [
      15,
      0.00201
    ],
    [
      16,
      0.00188
    ],
    [
      17,
      0.00194
    ],
    [
      18,
      0.00164
    ],
    [
      19,
      0.00143
    ],
    [
      20,
      0.0015
    ],
    [
      21,
      0.00132
    ],
    [
      22,
      0.00121
    ],
    [
      23,
      0.00118
    ],
    [
      24,
      0.00109
    ],
    [
      25,
      0.00112
    ],
    [
      26,
      0.00108
    ],
    [
      27,
      0.0011
    ],
    [
      28,
      0.00091
    ],
    [
      29,
      0.00094
    ],
    [
      30,
      0.00101
    ],
    [
      31,
      0.00087
    ],
    [
      32,
      0.00084
    ],
    [
      33,
      0.00082
    ],
    [
      34,
      0.00081
    ],
    [
      35,
      0.00083
    ],
    [
      36,
      0.00081
    ],
    [
      37,
      0.00076
    ],
    [
      38,
      0.00074
    ],
    [
      39,
      0.00074
    ],
    [
      40,
      0.00073
    ],
    [
      41,
      0.00072
    ],
    [
      42,
      0.00072
    ],
    [
      43,
      0.00069
    ],
    [
      44,
      0.00079
    ],
    [
      45,
      0.00067
    ],
    [
      46,
      0.00067
    ],
    [
      47,
      0.00065
    ],
    [
      48,
      0.00066
    ],
    [
      49,
      0.00065
    ],
    [
      50,
      0.00064
    ],
    [
      51,
      0.00065
    ],
    [
      52,
      0.00063
    ],
    [
      53,
      0.00062
    ],
    [
      54,
      0.00064
    ],
    [
      55,
      0.00066
    ],
    [
      56,
      0.00063
    ],
    [
      57,
      0.00058
    ],
    [
      58,
      0.0006
    ],
    [
      59,
      0.0006
    ],
    [
      60,
      0.00063
    ],
    [
      61,
      0.00064
    ],
    [
      62,
      0.00061
    ],
    [
      63,
      0.00064
    ],
    [
      64,
      0.0006
    ],
    [
      65,
      0.00062
    ],
    [
      66,
      0.00056
    ],
    [
      67,
      0.00057
    ],
    [
      68,
      0.00056
    ],
    [
      69,
      0.00055
    ],
    [
      70,
      0.00056
    ],
    [
      71,
      0.00054
    ],
    [
      72,
      0.00054
    ],
    [
      73,
      0.00055
    ],
    [
      74,
      0.00055
    ],
    [
      75,
      0.00052
    ],
    [
      76,
      0.00053
    ],
    [
      77,
      0.00055
    ],
    [
      78,
      0.00053
    ],
    [
      79,
      0.00052
    ],
    [
      80,
      0.00055
    ],
    [
      81,
      0.00055
    ],
    [
      82,
      0.00051
    ],
    [
      83,
      0.0005
    ],
    [
      84,
      0.00057
    ],
    [
      85,
      0.0005
    ],
    [
      86,
      0.00051
    ],
    [
      87,
      0.00049
    ],
    [
      88,
      0.00049
    ],
    [
      89,
      0.00052
    ],
    [
      90,
      0.00048
    ],
    [
      91,
      0.00054
    ],
    [
      92,
      0.0005
    ],
    [
      93,
      0.00048
    ],
    [
      94,
      0.00049
    ],
    [
      95,
      0.00048
    ],
    [
      96,
      0.00048
    ],
    [
      97,
      0.00049
    ],
    [
      98,
      0.00049
    ],
    [
      99,
      0.00053
    ],
    [
      100,
      0.0005
    ],
    [
      101,
      0.00049
    ],
    [
      102,
      0.00047
    ],
    [
      103,
      0.00047
    ],
    [
      104,
      0.00055
    ],
    [
      105,
      0.00047
    ],
    [
      106,
      0.00047
    ],
    [
      107,
      0.00046
    ],
    [
      108,
      0.00045
    ],
    [
      109,
      0.00046
    ],
    [
      110,
      0.00048
    ],
    [
      111,
      0.00048
    ],
    [
      112,
      0.00046
    ],
    [
      113,
      0.00047
    ],
    [
      114,
      0.00047
    ],
    [
      115,
      0.00046
    ],
    [
      116,
      0.00047
    ],
    [
      117,
      0.00047
    ],
    [
      118,
      0.00045
    ],
    [
      119,
      0.00045
    ],
    [
      120,
      0.00044
    ],
    [
      121,
      0.00046
    ],
    [
      122,
      0.00046
    ],
    [
      123,
      0.00044
    ],
    [
      124,
      0.00045
    ],
    [
      125,
      0.00045
    ],
    [
      126,
      0.00044
    ],
    [
      127,
      0.00044
    ],
    [
      128,
      0.00044
    ],
    [
      129,
      0.00044
    ],
    [
      130,
      0.00043
    ],
    [
      131,
      0.00043
    ],
    [
      132,
      0.00042
    ],
    [
      133,
      0.00043
    ],
    [
      134,
      0.00044
    ],
    [
      135,
      0.00041
    ],
    [
      136,
      0.00041
    ],
    [
      137,
      0.00042
    ],
    [
      138,
      0.00041
    ],
    [
      139,
      0.00041
    ],
    [
      140,
      0.00042
    ],
    [
      141,
      0.00044
    ],
    [
      142,
      0.00041
    ],
    [
      143,
      0.00042
    ],
    [
      144,
      0.00042
    ],
    [
      145,
      0.00042
    ],
    [
      146,
      0.00041
    ],
    [
      147,
      0.00042
    ],
    [
      148,
      0.0004
    ],
    [
      149,
      0.0004
    ],
    [
      150,
      0.0004
    ],
    [
      151,
      0.00041
    ],
    [
      152,
      0.00039
    ],
    [
      153,
      0.00041
    ],
    [
      154,
      0.0004
    ],
    [
      155,
      0.0004
    ],
    [
      156,
      0.0004
    ],
    [
      157,
      0.00038
    ],
    [
      158,
      0.0004
    ],
    [
      159,
      0.00041
    ],
    [
      160,
      0.0004
    ],
    [
      161,
      0.00039
    ],
    [
      162,
      0.0004
    ],
    [
      163,
      0.00039
    ],
    [
      164,
      0.0004
    ],
    [
      165,
      0.00039
    ],
    [
      166,
      0.00039
    ],
    [
      167,
      0.00039
    ],
    [
      168,
      0.00039
    ],
    [
      169,
      0.00039
    ],
    [
      170,
      0.00041
    ],
    [
      171,
      0.00037
    ],
    [
      172,
      0.00037
    ],
    [
      173,
      0.0004
    ],
    [
      174,
      0.00038
    ],
    [
      175,
      0.00036
    ],
    [
      176,
      0.00037
    ],
    [
      177,
      0.00038
    ],
    [
      178,
      0.00037
    ],
    [
      179,
      0.00036
    ],
    [
      180,
      0.00037
    ],
    [
      181,
      0.00038
    ],
    [
      182,
      0.00038
    ],
    [
      183,
      0.00039
    ],
    [
      184,
      0.00038
    ],
    [
      185,
      0.00038
    ],
    [
      186,
      0.00037
    ],
    [
      187,
      0.00038
    ],
    [
      188,
      0.00037
    ],
    [
      189,
      0.00038
    ],
    [
      190,
      0.00037
    ],
    [
      191,
      0.00037
    ],
    [
      192,
      0.00037
    ],
    [
      193,
      0.00037
    ],
    [
      194,
      0.00036
    ],
    [
      195,
      0.00037
    ],
    [
      196,
      0.00038
    ],
    [
      197,
      0.00035
    ],
    [
      198,
      0.00036
    ],
    [
      199,
      0.00037
    ],
    [
      200,
      0.00037
    ]
  ],
  "lr": [
    [
      1,
      0.001
    ],
    [
      2,
      0.00099
    ],
    [
      3,
      0.00098
    ],
    [
      4,
      0.00097
    ],
    [
      5,
      0.00095
    ],
    [
      6,
      0.00094
    ],
    [
      7,
      0.00093
    ],
    [
      8,
      0.00092
    ],
    [
      9,
      0.00091
    ],
    [
      10,
      0.0009
    ],
    [
      11,
      0.00089
    ],
    [
      12,
      0.00088
    ],
    [
      13,
      0.00087
    ],
    [
      14,
      0.00086
    ],
    [
      15,
      0.00085
    ],
    [
      16,
      0.00084
    ],
    [
      17,
      0.00083
    ],
    [
      18,
      0.00082
    ],
    [
      19,
      0.00081
    ],
    [
      20,
      0.0008
    ],
    [
      21,
      0.00079
    ],
    [
      22,
      0.00079
    ],
    [
      23,
      0.00078
    ],
    [
      24,
      0.00077
    ],
    [
      25,
      0.00076
    ],
    [
      26,
      0.00075
    ],
    [
      27,
      0.00074
    ],
    [
      28,
      0.00073
    ],
    [
      29,
      0.00072
    ],
    [
      30,
      0.00072
    ],
    [
      31,
      0.00071
    ],
    [
      32,
      0.0007
    ],
    [
      33,
      0.00069
    ],
    [
      34,
      0.00068
    ],
    [
      35,
      0.00068
    ],
    [
      36,
      0.00067
    ],
    [
      37,
      0.00066
    ],
    [
      38,
      0.00065
    ],
    [
      39,
      0.00065
    ],
    [
      40,
      0.00064
    ],
    [
      41,
      0.00063
    ],
    [
      42,
      0.00062
    ],
    [
      43,
      0.00062
    ],
    [
      44,
      0.00061
    ],
    [
      45,
      0.0006
    ],
    [
      46,
      0.0006
    ],
    [
      47,
      0.00059
    ],
    [
      48,
      0.00058
    ],
    [
      49,
      0.00058
    ],
    [
      50,
      0.00057
    ],
    [
      51,
      0.00056
    ],
    [
      52,
      0.00056
    ],
    [
      53,
      0.00055
    ],
    [
      54,
      0.00054
    ],
    [
      55,
      0.00054
    ],
    [
      56,
      0.00053
    ],
    [
      57,
      0.00052
    ],
    [
      58,
      0.00052
    ],
    [
      59,
      0.00051
    ],
    [
      60,
      0.00051
    ],
    [
      61,
      0.0005
    ],
    [
      62,
      0.0005
    ],
    [
      63,
      0.00049
    ],
    [
      64,
      0.00048
    ],
    [
      65,
      0.00048
    ],
    [
      66,
      0.00047
    ],
    [
      67,
      0.00047
    ],
    [
      68,
      0.00046
    ],
    [
      69,
      0.00046
    ],
    [
      70,
      0.00045
    ],
    [
      71,
      0.00045
    ],
    [
      72,
      0.00044
    ],
    [
      73,
      0.00044
    ],
    [
      74,
      0.00043
    ],
    [
      75,
      0.00043
    ],
    [
      76,
      0.00042
    ],
    [
      77,
      0.00042
    ],
    [
      78,
      0.00041
    ],
    [
      79,
      0.00041
    ],
    [
      80,
      0.0004
    ],
    [
      81,
      0.0004
    ],
    [
      82,
      0.00039
    ],
    [
      83,
      0.00039
    ],
    [
      84,
      0.00038
    ],
    [
      85,
      0.00038
    ],
    [
      86,
      0.00038
    ],
    [
      87,
      0.00037
    ],
    [
      88,
      0.00037
    ],
    [
      89,
      0.00036
    ],
    [
      90,
      0.00036
    ],
    [
      91,
      0.00035
    ],
    [
      92,
      0.00035
    ],
    [
      93,
      0.00035
    ],
    [
      94,
      0.00034
    ],
    [
      95,
      0.00034
    ],
    [
      96,
      0.00033
    ],
    [
      97,
      0.00033
    ],
    [
      98,
      0.00033
    ],
    [
      99,
      0.00032
    ],
    [
      100,
      0.00032
    ],
    [
      101,
      0.00032
    ],
    [
      102,
      0.00031
    ],
    [
      103,
      0.00031
    ],
    [
      104,
      0.00031
    ],
    [
      105,
      0.0003
    ],
    [
      106,
      0.0003
    ],
    [
      107,
      0.0003
    ],
    [
      108,
      0.00029
    ],
    [
      109,
      0.00029
    ],
    [
      110,
      0.00029
    ],
    [
      111,
      0.00028
    ],
    [
      112,
      0.00028
    ],
    [
      113,
      0.00028
    ],
    [
      114,
      0.00027
    ],
    [
      115,
      0.00027
    ],
    [
      116,
      0.00027
    ],
    [
      117,
      0.00026
    ],
    [
      118,
      0.00026
    ],
    [
      119,
      0.00026
    ],
    [
      120,
      0.00025
    ],
    [
      121,
      0.00025
    ],
    [
      122,
      0.00025
    ],
    [
      123,
      0.00025
    ],
    [
      124,
      0.00024
    ],
    [
      125,
      0.00024
    ],
    [
      126,
      0.00024
    ],
    [
      127,
      0.00023
    ],
    [
      128,
      0.00023
    ],
    [
      129,
      0.00023
    ],
    [
      130,
      0.00023
    ],
    [
      131,
      0.00022
    ],
    [
      132,
      0.00022
    ],
    [
      133,
      0.00022
    ],
    [
      134,
      0.00022
    ],
    [
      135,
      0.00021
    ],
    [
      136,
      0.00021
    ],
    [
      137,
      0.00021
    ],
    [
      138,
      0.00021
    ],
    [
      139,
      0.0002
    ],
    [
      140,
      0.0002
    ],
    [
      141,
      0.0002
    ],
    [
      142,
      0.0002
    ],
    [
      143,
      0.00019
    ],
    [
      144,
      0.00019
    ],
    [
      145,
      0.00019
    ],
    [
      146,
      0.00019
    ],
    [
      147,
      0.00019
    ],
    [
      148,
      0.00018
    ],
    [
      149,
      0.00018
    ],
    [
      150,
      0.00018
    ],
    [
      151,
      0.00018
    ],
    [
      152,
      0.00018
    ],
    [
      153,
      0.00017
    ],
    [
      154,
      0.00017
    ],
    [
      155,
      0.00017
    ],
    [
      156,
      0.00017
    ],
    [
      157,
      0.00017
    ],
    [
      158,
      0.00016
    ],
    [
      159,
      0.00016
    ],
    [
      160,
      0.00016
    ],
    [
      161,
      0.00016
    ],
    [
      162,
      0.00016
    ],
    [
      163,
      0.00015
    ],
    [
      164,
      0.00015
    ],
    [
      165,
      0.00015
    ],
    [
      166,
      0.00015
    ],
    [
      167,
      0.00015
    ],
    [
      168,
      0.00015
    ],
    [
      169,
      0.00014
    ],
    [
      170,
      0.00014
    ],
    [
      171,
      0.00014
    ],
    [
      172,
      0.00014
    ],
    [
      173,
      0.00014
    ],
    [
      174,
      0.00014
    ],
    [
      175,
      0.00013
    ],
    [
      176,
      0.00013
    ],
    [
      177,
      0.00013
    ],
    [
      178,
      0.00013
    ],
    [
      179,
      0.00013
    ],
    [
      180,
      0.00013
    ],
    [
      181,
      0.00013
    ],
    [
      182,
      0.00012
    ],
    [
      183,
      0.00012
    ],
    [
      184,
      0.00012
    ],
    [
      185,
      0.00012
    ],
    [
      186,
      0.00012
    ],
    [
      187,
      0.00012
    ],
    [
      188,
      0.00012
    ],
    [
      189,
      0.00011
    ],
    [
      190,
      0.00011
    ],
    [
      191,
      0.00011
    ],
    [
      192,
      0.00011
    ],
    [
      193,
      0.00011
    ],
    [
      194,
      0.00011
    ],
    [
      195,
      0.00011
    ],
    [
      196,
      0.00011
    ],
    [
      197,
      0.0001
    ],
    [
      198,
      0.0001
    ],
    [
      199,
      0.0001
    ],
    [
      200,
      0.0001
    ]
  ],
  "val_acc": [
    [
      10,
      0.6113
    ],
    [
      20,
      0.64737
    ],
    [
      30,
      0.68857
    ],
    [
      40,
      0.73636
    ],
    [
      50,
      0.74046
    ],
    [
      60,
      0.7385
    ],
    [
      70,
      0.73065
    ],
    [
      80,
      0.72836
    ],
    [
      90,
      0.7326
    ],
    [
      100,
      0.73134
    ],
    [
      110,
      0.73067
    ],
    [
      120,
      0.73277
    ],
    [
      130,
      0.77906
    ],
    [
      140,
      0.7304
    ],
    [
      150,
      0.73132
    ],
    [
      160,
      0.77608
    ],
    [
      170,
      0.77491
    ],
    [
      180,
      0.73309
    ],
    [
      190,
      0.76913
    ],
    [
      200,
      0.78536
    ]
  ],
  "val_acc_rat": [
    [
      10,
      0.60481
    ],
    [
      20,
      0.60455
    ],
    [
      30,
      0.67602
    ],
    [
      40,
      0.68831
    ],
    [
      50,
      0.68934
    ],
    [
      60,
      0.68984
    ],
    [
      70,
      0.67894
    ],
    [
      80,
      0.67491
    ],
    [
      90,
      0.68297
    ],
    [
      100,
      0.67529
    ],
    [
      110,
      0.67124
    ],
    [
      120,
      0.67925
    ],
    [
      130,
      0.77195
    ],
    [
      140,
      0.6824
    ],
    [
      150,
      0.68325
    ],
    [
      160,
      0.77192
    ],
    [
      170,
      0.7688
    ],
    [
      180,
      0.67955
    ],
    [
      190,
      0.76777
    ],
    [
      200,
      0.7804
    ]
  ],
  "val_acc_squirrel": [
    [
      10,
      0.6178
    ],
    [
      20,
      0.69019
    ],
    [
      30,
      0.70112
    ],
    [
      40,
      0.78441
    ],
    [
      50,
      0.79158
    ],
    [
      60,
      0.78717
    ],
    [
      70,
      0.78237
    ],
    [
      80,
      0.7818
    ],
    [
      90,
      0.78224
    ],
    [
      100,
      0.78739
    ],
    [
      110,
      0.7901
    ],
    [
      120,
      0.7863
    ],
    [
      130,
      0.78618
    ],
    [
      140,
      0.77839
    ],
    [
      150,
      0.77939
    ],
    [
      160,
      0.78023
    ],
    [
      170,
      0.78103
    ],
    [
      180,
      0.78664
    ],
    [
      190,
      0.77049
    ],
    [
      200,
      0.79032
    ]
  ],
  "mean": 0,
  "std": 255,
  "label_type": "detection",
  "data_type": "image",
  "labels": [
    "rat",
    "squirrel"
  ],
  "best_eval": {
    "epoch": 200,
    "val_acc": 0.785,
    "val_info": [
      {
        "name": "1b561608a2f242c382de2e220f23da7e.jpg",
        "nickname": "240_F_306221324_OpS1rAcZ0lf40pQfTOAeGimya6C3znfD_jpg.rf.418330d91aa0f3926b6abb2d4e3eb53d.jpg",
        "pred": [
          [
            266,
            88,
            406,
            314,
            0.8281493186950684,
            0.0
          ],
          [
            13,
            96,
            119,
            333,
            0.7993555665016174,
            0.0
          ],
          [
            145,
            90,
            256,
            316,
            0.6132876873016357,
            0.0
          ],
          [
            145,
            98,
            252,
            309,
            0.8719282746315002,
            1.0
          ]
        ],
        "gt": [
          [
            279,
            95,
            403,
            316,
            1.0,
            0.0
          ],
          [
            147,
            82,
            253,
            318,
            1.0,
            0.0
          ],
          [
            22,
            95,
            119,
            327,
            1.0,
            0.0
          ]
        ],
        "ok": false
      },
      {
        "name": "023d0b7d9a77404eaa3592f051c953ec.jpg",
        "nickname": "gettyimages-1231746557-612x612_jpg.rf.0ff91891e3ca207ac4e2dd7f01e8f02d.jpg",
        "pred": [
          [
            140,
            30,
            357,
            382,
            0.5152032375335693,
            0.0
          ],
          [
            141,
            21,
            353,
            395,
            0.6284266710281372,
            1.0
          ]
        ],
        "gt": [
          [
            156,
            20,
            364,
            399,
            1.0,
            1.0
          ]
        ],
        "ok": false
      },
      {
        "name": "627a737d6ced4a2a8a5862374a762299.jpg",
        "nickname": "gettyimages-2178199568-612x612_jpg.rf.6ba9dbf6bdb611f4a9453a022418d811.jpg",
        "pred": [
          [
            165,
            67,
            358,
            389,
            0.7380922436714172,
            0.0
          ],
          [
            163,
            71,
            354,
            394,
            0.6552680730819702,
            1.0
          ]
        ],
        "gt": [
          [
            163,
            56,
            355,
            390,
            1.0,
            0.0
          ]
        ],
        "ok": false
      },
      {
        "name": "d57c4e277a194fc592fecd394511b028.jpg",
        "nickname": "pexels-photo-9783104_jpeg.rf.cd2b5dc23dec3af4c702d29e92cdac20.jpg",
        "pred": [
          [
            149,
            90,
            254,
            278,
            0.6076659560203552,
            0.0
          ],
          [
            141,
            85,
            253,
            292,
            0.6611053347587585,
            1.0
          ]
        ],
        "gt": [
          [
            160,
            93,
            247,
            286,
            1.0,
            0.0
          ]
        ],
        "ok": false
      },
      {
        "name": "02a217c871c84f94b0e6a2ac28cd6d1c.jpg",
        "nickname": "close-up-squirrel_1048944-24792285_jpg.rf.eb7b2c4106a1e7853379dc796a0b14c9.jpg",
        "pred": [
          [
            10,
            7,
            332,
            389,
            0.5549579858779907,
            0.0
          ],
          [
            12,
            10,
            336,
            389,
            0.7855913043022156,
            1.0
          ]
        ],
        "gt": [
          [
            7,
            4,
            329,
            379,
            1.0,
            1.0
          ]
        ],
        "ok": false
      },
      {
        "name": "2a2422188535426fb42e25f17f58eb72.jpg",
        "nickname": "gettyimages-126547982-612x612_jpg.rf.21fa760c598b97c989c29b3dbf1ebada.jpg",
        "pred": [
          [
            153,
            84,
            363,
            320,
            0.9478432536125183,
            1.0
          ],
          [
            35,
            10,
            87,
            117,
            0.8094084858894348,
            1.0
          ]
        ],
        "gt": [
          [
            152,
            104,
            358,
            332,
            1.0,
            1.0
          ]
        ],
        "ok": false
      },
      {
        "name": "3ab71282cc8940c2984aa6e6e17b1cf5.jpg",
        "nickname": "gettyimages-1252131992-612x612_jpg.rf.0a5999804b5ef1ceaf8b475f8c5d4e6c.jpg",
        "pred": [
          [
            257,
            289,
            332,
            360,
            0.7334070801734924,
            0.0
          ],
          [
            78,
            241,
            149,
            313,
            0.5061610341072083,
            0.0
          ]
        ],
        "gt": [
          [
            67,
            240,
            150,
            316,
            1.0,
            0.0
          ],
          [
            241,
            204,
            338,
            284,
            1.0,
            0.0
          ],
          [
            189,
            228,
            290,
            303,
            1.0,
            0.0
          ],
          [
            254,
            280,
            332,
            362,
            1.0,
            0.0
          ],
          [
            119,
            225,
            204,
            280,
            1.0,
            0.0
          ]
        ],
        "ok": true
      },
      {
        "name": "c91ce3e5ef1d4033add7ca0c44ac3156.jpg",
        "nickname": "240_F_298838167_g7Gn2iIxDeLyYAA036bpXPHU2SaZyLRV_jpg.rf.13640d677de5254e7881a4249cba53fe.jpg",
        "pred": [
          [
            73,
            86,
            367,
            328,
            0.9548031091690063,
            0.0
          ]
        ],
        "gt": [
          [
            72,
            87,
            370,
            318,
            1.0,
            0.0
          ]
        ],
        "ok": true
      },
      {
        "name": "382dd8451e6b43fa9bb2f7d203d11d66.jpg",
        "nickname": "240_F_242466416_mxZFaV8Jy3wdTbFYcBFIo6Xg1T97AkDn_jpg.rf.d3330cfbdf86c7dacefc6d87133457d9.jpg",
        "pred": [
          [
            24,
            63,
            376,
            380,
            0.9636042714118958,
            0.0
          ]
        ],
        "gt": [
          [
            189,
            59,
            375,
            368,
            1.0,
            0.0
          ]
        ],
        "ok": true
      },
      {
        "name": "eb11078384ac4972b2e8f46430ed9164.jpg",
        "nickname": "IMAG0371_jpg.rf.931dd2474a77d1dc507e9949d6d0a1ea.jpg",
        "pred": [
          [
            173,
            257,
            222,
            341,
            0.7409988641738892,
            1.0
          ]
        ],
        "gt": [
          [
            171,
            256,
            225,
            349,
            1.0,
            1.0
          ]
        ],
        "ok": true
      },
      {
        "name": "bd979e7ba61541e8902f2efd9ff2550d.jpg",
        "nickname": "istockphoto-172977976-612x612_jpg.rf.ed52d5a972ee843d65fd9b4c8539d547.jpg",
        "pred": [
          [
            49,
            148,
            414,
            400,
            0.9248093962669373,
            1.0
          ]
        ],
        "gt": [
          [
            54,
            150,
            414,
            414,
            1.0,
            1.0
          ]
        ],
        "ok": true
      },
      {
        "name": "efce051d12a748048ed5db67ace4b679.jpg",
        "nickname": "istockphoto-2157293450-612x612_jpg.rf.f20766aa665ca48af9a5fc05768fde26.jpg",
        "pred": [
          [
            25,
            53,
            236,
            382,
            0.9622045159339905,
            1.0
          ]
        ],
        "gt": [
          [
            30,
            45,
            240,
            381,
            1.0,
            1.0
          ]
        ],
        "ok": true
      }
    ]
  }
}