{
  "anchors": [
    10,
    13,
    16,
    30,
    33,
    23,
    30,
    61,
    62,
    45,
    59,
    119,
    116,
    90,
    156,
    198,
    373,
    326
  ],
  "inputs": {
    "input0": [
      224,
      224,
      3
    ]
  },
  "outputs": {
    "output0": [
      28,
      28,
      21
    ],
    "output1": [
      14,
      14,
      21
    ],
    "output2": [
      7,
      7,
      21
    ]
  },
  "params_quantity": 7025023,
  "loss": [
    [
      1,
      3.23479
    ],
    [
      2,
      2.78851
    ],
    [
      3,
      2.51084
    ],
    [
      4,
      2.11122
    ],
    [
      5,
      1.78896
    ],
    [
      6,
      1.57158
    ],
    [
      7,
      1.37811
    ],
    [
      8,
      1.2132
    ],
    [
      9,
      1.07815
    ],
    [
      10,
      1.01329
    ],
    [
      11,
      0.95074
    ],
    [
      12,
      0.89267
    ],
    [
      13,
      0.81782
    ],
    [
      14,
      0.74924
    ],
    [
      15,
      0.74285
    ],
    [
      16,
      0.72533
    ],
    [
      17,
      0.71382
    ],
    [
      18,
      0.66961
    ],
    [
      19,
      0.67706
    ],
    [
      20,
      0.65092
    ],
    [
      21,
      0.65917
    ],
    [
      22,
      0.62219
    ],
    [
      23,
      0.62266
    ],
    [
      24,
      0.61415
    ],
    [
      25,
      0.62266
    ],
    [
      26,
      0.57509
    ],
    [
      27,
      0.56948
    ],
    [
      28,
      0.55765
    ],
    [
      29,
      0.55394
    ],
    [
      30,
      0.56162
    ],
    [
      31,
      0.53135
    ],
    [
      32,
      0.53152
    ],
    [
      33,
      0.55243
    ],
    [
      34,
      0.54409
    ],
    [
      35,
      0.53197
    ],
    [
      36,
      0.51326
    ],
    [
      37,
      0.4932
    ],
    [
      38,
      0.51575
    ],
    [
      39,
      0.48928
    ],
    [
      40,
      0.48871
    ],
    [
      41,
      0.48557
    ],
    [
      42,
      0.46161
    ],
    [
      43,
      0.46276
    ],
    [
      44,
      0.4615
    ],
    [
      45,
      0.46817
    ],
    [
      46,
      0.47729
    ],
    [
      47,
      0.4626
    ],
    [
      48,
      0.46696
    ],
    [
      49,
      0.45903
    ],
    [
      50,
      0.43328
    ],
    [
      51,
      0.46791
    ],
    [
      52,
      0.43713
    ],
    [
      53,
      0.44359
    ],
    [
      54,
      0.45158
    ],
    [
      55,
      0.42306
    ],
    [
      56,
      0.42776
    ],
    [
      57,
      0.42554
    ],
    [
      58,
      0.41828
    ],
    [
      59,
      0.41512
    ],
    [
      60,
      0.43977
    ],
    [
      61,
      0.41831
    ],
    [
      62,
      0.4241
    ],
    [
      63,
      0.4381
    ],
    [
      64,
      0.41069
    ],
    [
      65,
      0.42847
    ],
    [
      66,
      0.41081
    ],
    [
      67,
      0.4165
    ],
    [
      68,
      0.41343
    ],
    [
      69,
      0.40148
    ],
    [
      70,
      0.39418
    ],
    [
      71,
      0.37918
    ],
    [
      72,
      0.38943
    ],
    [
      73,
      0.3799
    ],
    [
      74,
      0.39713
    ],
    [
      75,
      0.37554
    ],
    [
      76,
      0.38095
    ],
    [
      77,
      0.388
    ],
    [
      78,
      0.3697
    ],
    [
      79,
      0.39051
    ],
    [
      80,
      0.37292
    ],
    [
      81,
      0.35574
    ],
    [
      82,
      0.36914
    ],
    [
      83,
      0.36232
    ],
    [
      84,
      0.35683
    ],
    [
      85,
      0.36808
    ],
    [
      86,
      0.38065
    ],
    [
      87,
      0.34157
    ],
    [
      88,
      0.34544
    ],
    [
      89,
      0.34513
    ],
    [
      90,
      0.34578
    ],
    [
      91,
      0.3706
    ],
    [
      92,
      0.36173
    ],
    [
      93,
      0.3654
    ],
    [
      94,
      0.3395
    ],
    [
      95,
      0.3986
    ],
    [
      96,
      0.36412
    ],
    [
      97,
      0.35605
    ],
    [
      98,
      0.34214
    ],
    [
      99,
      0.32924
    ],
    [
      100,
      0.34192
    ],
    [
      101,
      0.3215
    ],
    [
      102,
      0.32672
    ],
    [
      103,
      0.33142
    ],
    [
      104,
      0.33161
    ],
    [
      105,
      0.32431
    ],
    [
      106,
      0.33163
    ],
    [
      107,
      0.32016
    ],
    [
      108,
      0.3348
    ],
    [
      109,
      0.33782
    ],
    [
      110,
      0.31928
    ],
    [
      111,
      0.32564
    ],
    [
      112,
      0.32179
    ],
    [
      113,
      0.32757
    ],
    [
      114,
      0.31565
    ],
    [
      115,
      0.31078
    ],
    [
      116,
      0.31678
    ],
    [
      117,
      0.33235
    ],
    [
      118,
      0.31151
    ],
    [
      119,
      0.33094
    ],
    [
      120,
      0.31641
    ],
    [
      121,
      0.29758
    ],
    [
      122,
      0.3217
    ],
    [
      123,
      0.31358
    ],
    [
      124,
      0.31486
    ],
    [
      125,
      0.3115
    ],
    [
      126,
      0.29128
    ],
    [
      127,
      0.29509
    ],
    [
      128,
      0.31298
    ],
    [
      129,
      0.30035
    ],
    [
      130,
      0.30145
    ],
    [
      131,
      0.302
    ],
    [
      132,
      0.30075
    ],
    [
      133,
      0.30863
    ],
    [
      134,
      0.28666
    ],
    [
      135,
      0.29607
    ],
    [
      136,
      0.29928
    ],
    [
      137,
      0.29154
    ],
    [
      138,
      0.30104
    ],
    [
      139,
      0.29722
    ],
    [
      140,
      0.2797
    ],
    [
      141,
      0.29322
    ],
    [
      142,
      0.28559
    ],
    [
      143,
      0.28556
    ],
    [
      144,
      0.27451
    ],
    [
      145,
      0.27699
    ],
    [
      146,
      0.28087
    ],
    [
      147,
      0.28694
    ],
    [
      148,
      0.30287
    ],
    [
      149,
      0.29162
    ],
    [
      150,
      0.27795
    ],
    [
      151,
      0.29574
    ],
    [
      152,
      0.28262
    ],
    [
      153,
      0.28604
    ],
    [
      154,
      0.286
    ],
    [
      155,
      0.27011
    ],
    [
      156,
      0.27722
    ],
    [
      157,
      0.28459
    ],
    [
      158,
      0.27698
    ],
    [
      159,
      0.30561
    ],
    [
      160,
      0.29042
    ],
    [
      161,
      0.30001
    ],
    [
      162,
      0.28216
    ],
    [
      163,
      0.27719
    ],
    [
      164,
      0.27791
    ],
    [
      165,
      0.27959
    ],
    [
      166,
      0.27252
    ],
    [
      167,
      0.26556
    ],
    [
      168,
      0.25978
    ],
    [
      169,
      0.25257
    ],
    [
      170,
      0.27138
    ],
    [
      171,
      0.27367
    ],
    [
      172,
      0.26293
    ],
    [
      173,
      0.26975
    ],
    [
      174,
      0.27491
    ],
    [
      175,
      0.26826
    ],
    [
      176,
      0.2805
    ],
    [
      177,
      0.27788
    ],
    [
      178,
      0.2523
    ],
    [
      179,
      0.27157
    ],
    [
      180,
      0.25527
    ],
    [
      181,
      0.24688
    ],
    [
      182,
      0.26236
    ],
    [
      183,
      0.27333
    ],
    [
      184,
      0.2576
    ],
    [
      185,
      0.27191
    ],
    [
      186,
      0.25818
    ],
    [
      187,
      0.27332
    ],
    [
      188,
      0.24547
    ],
    [
      189,
      0.24814
    ],
    [
      190,
      0.25277
    ],
    [
      191,
      0.24574
    ],
    [
      192,
      0.25774
    ],
    [
      193,
      0.2525
    ],
    [
      194,
      0.26008
    ],
    [
      195,
      0.24785
    ],
    [
      196,
      0.27459
    ],
    [
      197,
      0.28414
    ],
    [
      198,
      0.26702
    ],
    [
      199,
      0.2514
    ],
    [
      200,
      0.25977
    ]
  ],
  "loss_conf": [
    [
      1,
      0.00922
    ],
    [
      2,
      0.01126
    ],
    [
      3,
      0.01195
    ],
    [
      4,
      0.01236
    ],
    [
      5,
      0.01216
    ],
    [
      6,
      0.01098
    ],
    [
      7,
      0.00933
    ],
    [
      8,
      0.00808
    ],
    [
      9,
      0.00745
    ],
    [
      10,
      0.00711
    ],
    [
      11,
      0.00684
    ],
    [
      12,
      0.00657
    ],
    [
      13,
      0.00631
    ],
    [
      14,
      0.00622
    ],
    [
      15,
      0.00595
    ],
    [
      16,
      0.00576
    ],
    [
      17,
      0.00564
    ],
    [
      18,
      0.00548
    ],
    [
      19,
      0.00544
    ],
    [
      20,
      0.00526
    ],
    [
      21,
      0.00516
    ],
    [
      22,
      0.00504
    ],
    [
      23,
      0.00496
    ],
    [
      24,
      0.00491
    ],
    [
      25,
      0.00477
    ],
    [
      26,
      0.00473
    ],
    [
      27,
      0.00462
    ],
    [
      28,
      0.00459
    ],
    [
      29,
      0.00453
    ],
    [
      30,
      0.00441
    ],
    [
      31,
      0.00439
    ],
    [
      32,
      0.00431
    ],
    [
      33,
      0.00428
    ],
    [
      34,
      0.00436
    ],
    [
      35,
      0.00421
    ],
    [
      36,
      0.0041
    ],
    [
      37,
      0.00407
    ],
    [
      38,
      0.00398
    ],
    [
      39,
      0.00386
    ],
    [
      40,
      0.00386
    ],
    [
      41,
      0.00393
    ],
    [
      42,
      0.00378
    ],
    [
      43,
      0.0037
    ],
    [
      44,
      0.00371
    ],
    [
      45,
      0.00364
    ],
    [
      46,
      0.00366
    ],
    [
      47,
      0.00368
    ],
    [
      48,
      0.00356
    ],
    [
      49,
      0.00354
    ],
    [
      50,
      0.00347
    ],
    [
      51,
      0.00344
    ],
    [
      52,
      0.0034
    ],
    [
      53,
      0.00335
    ],
    [
      54,
      0.00339
    ],
    [
      55,
      0.00333
    ],
    [
      56,
      0.00328
    ],
    [
      57,
      0.0033
    ],
    [
      58,
      0.00327
    ],
    [
      59,
      0.00321
    ],
    [
      60,
      0.00316
    ],
    [
      61,
      0.00314
    ],
    [
      62,
      0.0031
    ],
    [
      63,
      0.00311
    ],
    [
      64,
      0.00307
    ],
    [
      65,
      0.00305
    ],
    [
      66,
      0.00309
    ],
    [
      67,
      0.00304
    ],
    [
      68,
      0.00295
    ],
    [
      69,
      0.00296
    ],
    [
      70,
      0.0029
    ],
    [
      71,
      0.00292
    ],
    [
      72,
      0.00288
    ],
    [
      73,
      0.00289
    ],
    [
      74,
      0.00287
    ],
    [
      75,
      0.00283
    ],
    [
      76,
      0.00283
    ],
    [
      77,
      0.00281
    ],
    [
      78,
      0.00276
    ],
    [
      79,
      0.00273
    ],
    [
      80,
      0.00271
    ],
    [
      81,
      0.00268
    ],
    [
      82,
      0.00271
    ],
    [
      83,
      0.00282
    ],
    [
      84,
      0.00264
    ],
    [
      85,
      0.00263
    ],
    [
      86,
      0.00263
    ],
    [
      87,
      0.00262
    ],
    [
      88,
      0.0026
    ],
    [
      89,
      0.00255
    ],
    [
      90,
      0.00259
    ],
    [
      91,
      0.00256
    ],
    [
      92,
      0.00254
    ],
    [
      93,
      0.00252
    ],
    [
      94,
      0.00256
    ],
    [
      95,
      0.00267
    ],
    [
      96,
      0.00254
    ],
    [
      97,
      0.0025
    ],
    [
      98,
      0.00252
    ],
    [
      99,
      0.00245
    ],
    [
      100,
      0.00245
    ],
    [
      101,
      0.0024
    ],
    [
      102,
      0.00244
    ],
    [
      103,
      0.00242
    ],
    [
      104,
      0.00234
    ],
    [
      105,
      0.00235
    ],
    [
      106,
      0.00241
    ],
    [
      107,
      0.00232
    ],
    [
      108,
      0.00229
    ],
    [
      109,
      0.00242
    ],
    [
      110,
      0.00226
    ],
    [
      111,
      0.00229
    ],
    [
      112,
      0.00226
    ],
    [
      113,
      0.00227
    ],
    [
      114,
      0.00226
    ],
    [
      115,
      0.00225
    ],
    [
      116,
      0.00225
    ],
    [
      117,
      0.00226
    ],
    [
      118,
      0.00223
    ],
    [
      119,
      0.00223
    ],
    [
      120,
      0.00221
    ],
    [
      121,
      0.00218
    ],
    [
      122,
      0.00216
    ],
    [
      123,
      0.00215
    ],
    [
      124,
      0.0022
    ],
    [
      125,
      0.00219
    ],
    [
      126,
      0.00211
    ],
    [
      127,
      0.00212
    ],
    [
      128,
      0.0022
    ],
    [
      129,
      0.00216
    ],
    [
      130,
      0.00212
    ],
    [
      131,
      0.00213
    ],
    [
      132,
      0.00208
    ],
    [
      133,
      0.00206
    ],
    [
      134,
      0.00207
    ],
    [
      135,
      0.00203
    ],
    [
      136,
      0.00203
    ],
    [
      137,
      0.0021
    ],
    [
      138,
      0.00203
    ],
    [
      139,
      0.00202
    ],
    [
      140,
      0.00204
    ],
    [
      141,
      0.00198
    ],
    [
      142,
      0.00203
    ],
    [
      143,
      0.00198
    ],
    [
      144,
      0.00199
    ],
    [
      145,
      0.002
    ],
    [
      146,
      0.00205
    ],
    [
      147,
      0.002
    ],
    [
      148,
      0.00187
    ],
    [
      149,
      0.00194
    ],
    [
      150,
      0.00193
    ],
    [
      151,
      0.00196
    ],
    [
      152,
      0.00194
    ],
    [
      153,
      0.00195
    ],
    [
      154,
      0.00194
    ],
    [
      155,
      0.00192
    ],
    [
      156,
      0.00189
    ],
    [
      157,
      0.00183
    ],
    [
      158,
      0.0019
    ],
    [
      159,
      0.00184
    ],
    [
      160,
      0.00187
    ],
    [
      161,
      0.00187
    ],
    [
      162,
      0.00182
    ],
    [
      163,
      0.00186
    ],
    [
      164,
      0.0019
    ],
    [
      165,
      0.00181
    ],
    [
      166,
      0.00185
    ],
    [
      167,
      0.00181
    ],
    [
      168,
      0.00184
    ],
    [
      169,
      0.00182
    ],
    [
      170,
      0.00186
    ],
    [
      171,
      0.00179
    ],
    [
      172,
      0.00181
    ],
    [
      173,
      0.00174
    ],
    [
      174,
      0.00174
    ],
    [
      175,
      0.00175
    ],
    [
      176,
      0.00176
    ],
    [
      177,
      0.00177
    ],
    [
      178,
      0.00174
    ],
    [
      179,
      0.00176
    ],
    [
      180,
      0.00177
    ],
    [
      181,
      0.00171
    ],
    [
      182,
      0.00171
    ],
    [
      183,
      0.00173
    ],
    [
      184,
      0.00172
    ],
    [
      185,
      0.0017
    ],
    [
      186,
      0.0017
    ],
    [
      187,
      0.00171
    ],
    [
      188,
      0.00166
    ],
    [
      189,
      0.00168
    ],
    [
      190,
      0.00171
    ],
    [
      191,
      0.00166
    ],
    [
      192,
      0.0017
    ],
    [
      193,
      0.00171
    ],
    [
      194,
      0.00176
    ],
    [
      195,
      0.00164
    ],
    [
      196,
      0.00164
    ],
    [
      197,
      0.00166
    ],
    [
      198,
      0.00167
    ],
    [
      199,
      0.00165
    ],
    [
      200,
      0.00163
    ]
  ],
  "loss_pos": [
    [
      1,
      0.07641
    ],
    [
      2,
      0.06125
    ],
    [
      3,
      0.05271
    ],
    [
      4,
      0.04074
    ],
    [
      5,
      0.03186
    ],
    [
      6,
      0.02706
    ],
    [
      7,
      0.02441
    ],
    [
      8,
      0.02226
    ],
    [
      9,
      0.02088
    ],
    [
      10,
      0.02051
    ],
    [
      11,
      0.02021
    ],
    [
      12,
      0.01969
    ],
    [
      13,
      0.01837
    ],
    [
      14,
      0.0168
    ],
    [
      15,
      0.01671
    ],
    [
      16,
      0.01651
    ],
    [
      17,
      0.01641
    ],
    [
      18,
      0.01517
    ],
    [
      19,
      0.01575
    ],
    [
      20,
      0.0151
    ],
    [
      21,
      0.01553
    ],
    [
      22,
      0.01466
    ],
    [
      23,
      0.01448
    ],
    [
      24,
      0.01446
    ],
    [
      25,
      0.01472
    ],
    [
      26,
      0.01349
    ],
    [
      27,
      0.01321
    ],
    [
      28,
      0.01308
    ],
    [
      29,
      0.01308
    ],
    [
      30,
      0.01346
    ],
    [
      31,
      0.01236
    ],
    [
      32,
      0.01248
    ],
    [
      33,
      0.01333
    ],
    [
      34,
      0.01336
    ],
    [
      35,
      0.01276
    ],
    [
      36,
      0.01231
    ],
    [
      37,
      0.01151
    ],
    [
      38,
      0.01236
    ],
    [
      39,
      0.01159
    ],
    [
      40,
      0.01175
    ],
    [
      41,
      0.01157
    ],
    [
      42,
      0.01094
    ],
    [
      43,
      0.01077
    ],
    [
      44,
      0.0111
    ],
    [
      45,
      0.01099
    ],
    [
      46,
      0.01147
    ],
    [
      47,
      0.01125
    ],
    [
      48,
      0.01096
    ],
    [
      49,
      0.01095
    ],
    [
      50,
      0.01029
    ],
    [
      51,
      0.01151
    ],
    [
      52,
      0.01045
    ],
    [
      53,
      0.0107
    ],
    [
      54,
      0.01113
    ],
    [
      55,
      0.01018
    ],
    [
      56,
      0.01041
    ],
    [
      57,
      0.01036
    ],
    [
      58,
      0.01017
    ],
    [
      59,
      0.01017
    ],
    [
      60,
      0.01071
    ],
    [
      61,
      0.01025
    ],
    [
      62,
      0.01027
    ],
    [
      63,
      0.01085
    ],
    [
      64,
      0.01
    ],
    [
      65,
      0.01036
    ],
    [
      66,
      0.01081
    ],
    [
      67,
      0.01026
    ],
    [
      68,
      0.01012
    ],
    [
      69,
      0.00976
    ],
    [
      70,
      0.00972
    ],
    [
      71,
      0.00929
    ],
    [
      72,
      0.00957
    ],
    [
      73,
      0.00944
    ],
    [
      74,
      0.00989
    ],
    [
      75,
      0.00897
    ],
    [
      76,
      0.00919
    ],
    [
      77,
      0.00952
    ],
    [
      78,
      0.00893
    ],
    [
      79,
      0.00965
    ],
    [
      80,
      0.00918
    ],
    [
      81,
      0.00846
    ],
    [
      82,
      0.00899
    ],
    [
      83,
      0.00905
    ],
    [
      84,
      0.00865
    ],
    [
      85,
      0.00897
    ],
    [
      86,
      0.00924
    ],
    [
      87,
      0.00838
    ],
    [
      88,
      0.00829
    ],
    [
      89,
      0.00831
    ],
    [
      90,
      0.00844
    ],
    [
      91,
      0.00927
    ],
    [
      92,
      0.00896
    ],
    [
      93,
      0.00916
    ],
    [
      94,
      0.00834
    ],
    [
      95,
      0.0103
    ],
    [
      96,
      0.0095
    ],
    [
      97,
      0.00874
    ],
    [
      98,
      0.00834
    ],
    [
      99,
      0.00795
    ],
    [
      100,
      0.00828
    ],
    [
      101,
      0.00777
    ],
    [
      102,
      0.00801
    ],
    [
      103,
      0.00814
    ],
    [
      104,
      0.00826
    ],
    [
      105,
      0.00796
    ],
    [
      106,
      0.00827
    ],
    [
      107,
      0.00785
    ],
    [
      108,
      0.00819
    ],
    [
      109,
      0.00846
    ],
    [
      110,
      0.00782
    ],
    [
      111,
      0.00801
    ],
    [
      112,
      0.00794
    ],
    [
      113,
      0.00808
    ],
    [
      114,
      0.00784
    ],
    [
      115,
      0.00763
    ],
    [
      116,
      0.00787
    ],
    [
      117,
      0.0083
    ],
    [
      118,
      0.008
    ],
    [
      119,
      0.00831
    ],
    [
      120,
      0.00776
    ],
    [
      121,
      0.00732
    ],
    [
      122,
      0.00797
    ],
    [
      123,
      0.00775
    ],
    [
      124,
      0.00791
    ],
    [
      125,
      0.00772
    ],
    [
      126,
      0.0072
    ],
    [
      127,
      0.00736
    ],
    [
      128,
      0.00771
    ],
    [
      129,
      0.00737
    ],
    [
      130,
      0.00749
    ],
    [
      131,
      0.00737
    ],
    [
      132,
      0.00744
    ],
    [
      133,
      0.00771
    ],
    [
      134,
      0.00701
    ],
    [
      135,
      0.00741
    ],
    [
      136,
      0.00734
    ],
    [
      137,
      0.00739
    ],
    [
      138,
      0.00751
    ],
    [
      139,
      0.00739
    ],
    [
      140,
      0.00696
    ],
    [
      141,
      0.00737
    ],
    [
      142,
      0.00717
    ],
    [
      143,
      0.00718
    ],
    [
      144,
      0.00687
    ],
    [
      145,
      0.00692
    ],
    [
      146,
      0.00715
    ],
    [
      147,
      0.00715
    ],
    [
      148,
      0.00748
    ],
    [
      149,
      0.00732
    ],
    [
      150,
      0.00677
    ],
    [
      151,
      0.00742
    ],
    [
      152,
      0.00734
    ],
    [
      153,
      0.00706
    ],
    [
      154,
      0.00725
    ],
    [
      155,
      0.00672
    ],
    [
      156,
      0.00698
    ],
    [
      157,
      0.00713
    ],
    [
      158,
      0.00722
    ],
    [
      159,
      0.0079
    ],
    [
      160,
      0.00732
    ],
    [
      161,
      0.00768
    ],
    [
      162,
      0.00705
    ],
    [
      163,
      0.00685
    ],
    [
      164,
      0.00702
    ],
    [
      165,
      0.00715
    ],
    [
      166,
      0.00695
    ],
    [
      167,
      0.00645
    ],
    [
      168,
      0.00645
    ],
    [
      169,
      0.00623
    ],
    [
      170,
      0.00717
    ],
    [
      171,
      0.00685
    ],
    [
      172,
      0.00663
    ],
    [
      173,
      0.00676
    ],
    [
      174,
      0.00693
    ],
    [
      175,
      0.00674
    ],
    [
      176,
      0.00708
    ],
    [
      177,
      0.00701
    ],
    [
      178,
      0.00626
    ],
    [
      179,
      0.00688
    ],
    [
      180,
      0.00649
    ],
    [
      181,
      0.00618
    ],
    [
      182,
      0.00684
    ],
    [
      183,
      0.00705
    ],
    [
      184,
      0.00637
    ],
    [
      185,
      0.00696
    ],
    [
      186,
      0.00648
    ],
    [
      187,
      0.00701
    ],
    [
      188,
      0.00611
    ],
    [
      189,
      0.00609
    ],
    [
      190,
      0.00636
    ],
    [
      191,
      0.00609
    ],
    [
      192,
      0.00646
    ],
    [
      193,
      0.00628
    ],
    [
      194,
      0.00702
    ],
    [
      195,
      0.00624
    ],
    [
      196,
      0.00707
    ],
    [
      197,
      0.00721
    ],
    [
      198,
      0.00678
    ],
    [
      199,
      0.00637
    ],
    [
      200,
      0.00627
    ]
  ],
  "loss_class": [
    [
      1,
      0.02003
    ],
    [
      2,
      0.01874
    ],
    [
      3,
      0.01744
    ],
    [
      4,
      0.01626
    ],
    [
      5,
      0.01508
    ],
    [
      6,
      0.01368
    ],
    [
      7,
      0.01192
    ],
    [
      8,
      0.00949
    ],
    [
      9,
      0.00798
    ],
    [
      10,
      0.00579
    ],
    [
      11,
      0.00466
    ],
    [
      12,
      0.00336
    ],
    [
      13,
      0.00256
    ],
    [
      14,
      0.00282
    ],
    [
      15,
      0.00205
    ],
    [
      16,
      0.00173
    ],
    [
      17,
      0.0015
    ],
    [
      18,
      0.00135
    ],
    [
      19,
      0.00134
    ],
    [
      20,
      0.00125
    ],
    [
      21,
      0.00113
    ],
    [
      22,
      0.00109
    ],
    [
      23,
      0.00107
    ],
    [
      24,
      0.00106
    ],
    [
      25,
      0.001
    ],
    [
      26,
      0.00092
    ],
    [
      27,
      0.00159
    ],
    [
      28,
      0.00087
    ],
    [
      29,
      0.00154
    ],
    [
      30,
      0.001
    ],
    [
      31,
      0.00089
    ],
    [
      32,
      0.00082
    ],
    [
      33,
      0.00095
    ],
    [
      34,
      0.00078
    ],
    [
      35,
      0.00114
    ],
    [
      36,
      0.00098
    ],
    [
      37,
      0.00076
    ],
    [
      38,
      0.00113
    ],
    [
      39,
      0.00078
    ],
    [
      40,
      0.00077
    ],
    [
      41,
      0.00073
    ],
    [
      42,
      0.00074
    ],
    [
      43,
      0.00233
    ],
    [
      44,
      0.00062
    ],
    [
      45,
      0.00088
    ],
    [
      46,
      0.00121
    ],
    [
      47,
      0.00071
    ],
    [
      48,
      0.00093
    ],
    [
      49,
      0.00091
    ],
    [
      50,
      0.00064
    ],
    [
      51,
      0.00067
    ],
    [
      52,
      0.00178
    ],
    [
      53,
      0.00062
    ],
    [
      54,
      0.00061
    ],
    [
      55,
      0.00067
    ],
    [
      56,
      0.00136
    ],
    [
      57,
      0.00056
    ],
    [
      58,
      0.0006
    ],
    [
      59,
      0.00059
    ],
    [
      60,
      0.00062
    ],
    [
      61,
      0.00067
    ],
    [
      62,
      0.00058
    ],
    [
      63,
      0.00062
    ],
    [
      64,
      0.00095
    ],
    [
      65,
      0.00067
    ],
    [
      66,
      0.00058
    ],
    [
      67,
      0.00087
    ],
    [
      68,
      0.0007
    ],
    [
      69,
      0.00092
    ],
    [
      70,
      0.00061
    ],
    [
      71,
      0.00059
    ],
    [
      72,
      0.00063
    ],
    [
      73,
      0.00054
    ],
    [
      74,
      0.00066
    ],
    [
      75,
      0.00066
    ],
    [
      76,
      0.00062
    ],
    [
      77,
      0.00054
    ],
    [
      78,
      0.00051
    ],
    [
      79,
      0.00052
    ],
    [
      80,
      0.0007
    ],
    [
      81,
      0.00058
    ],
    [
      82,
      0.00054
    ],
    [
      83,
      0.00054
    ],
    [
      84,
      0.00056
    ],
    [
      85,
      0.00056
    ],
    [
      86,
      0.00214
    ],
    [
      87,
      0.00059
    ],
    [
      88,
      0.0006
    ],
    [
      89,
      0.00056
    ],
    [
      90,
      0.00066
    ],
    [
      91,
      0.00057
    ],
    [
      92,
      0.00051
    ],
    [
      93,
      0.00062
    ],
    [
      94,
      0.00056
    ],
    [
      95,
      0.0005
    ],
    [
      96,
      0.00052
    ],
    [
      97,
      0.00054
    ],
    [
      98,
      0.00052
    ],
    [
      99,
      0.00057
    ],
    [
      100,
      0.00071
    ],
    [
      101,
      0.0005
    ],
    [
      102,
      0.00055
    ],
    [
      103,
      0.00049
    ],
    [
      104,
      0.00048
    ],
    [
      105,
      0.00048
    ],
    [
      106,
      0.0005
    ],
    [
      107,
      0.00053
    ],
    [
      108,
      0.00053
    ],
    [
      109,
      0.00067
    ],
    [
      110,
      0.00047
    ],
    [
      111,
      0.00049
    ],
    [
      112,
      0.00048
    ],
    [
      113,
      0.0005
    ],
    [
      114,
      0.00051
    ],
    [
      115,
      0.00056
    ],
    [
      116,
      0.00048
    ],
    [
      117,
      0.00052
    ],
    [
      118,
      0.00048
    ],
    [
      119,
      0.00084
    ],
    [
      120,
      0.00079
    ],
    [
      121,
      0.00055
    ],
    [
      122,
      0.00049
    ],
    [
      123,
      0.00049
    ],
    [
      124,
      0.00049
    ],
    [
      125,
      0.00047
    ],
    [
      126,
      0.00044
    ],
    [
      127,
      0.00044
    ],
    [
      128,
      0.00044
    ],
    [
      129,
      0.00045
    ],
    [
      130,
      0.00046
    ],
    [
      131,
      0.00165
    ],
    [
      132,
      0.00046
    ],
    [
      133,
      0.00046
    ],
    [
      134,
      0.00044
    ],
    [
      135,
      0.00046
    ],
    [
      136,
      0.00047
    ],
    [
      137,
      0.00046
    ],
    [
      138,
      0.00045
    ],
    [
      139,
      0.00044
    ],
    [
      140,
      0.00051
    ],
    [
      141,
      0.00044
    ],
    [
      142,
      0.00046
    ],
    [
      143,
      0.00049
    ],
    [
      144,
      0.00045
    ],
    [
      145,
      0.00046
    ],
    [
      146,
      0.00042
    ],
    [
      147,
      0.00045
    ],
    [
      148,
      0.00141
    ],
    [
      149,
      0.00068
    ],
    [
      150,
      0.00048
    ],
    [
      151,
      0.00058
    ],
    [
      152,
      0.00068
    ],
    [
      153,
      0.00054
    ],
    [
      154,
      0.00047
    ],
    [
      155,
      0.00043
    ],
    [
      156,
      0.00044
    ],
    [
      157,
      0.00042
    ],
    [
      158,
      0.00046
    ],
    [
      159,
      0.00044
    ],
    [
      160,
      0.00043
    ],
    [
      161,
      0.00044
    ],
    [
      162,
      0.00045
    ],
    [
      163,
      0.00046
    ],
    [
      164,
      0.00043
    ],
    [
      165,
      0.00043
    ],
    [
      166,
      0.00043
    ],
    [
      167,
      0.00044
    ],
    [
      168,
      0.00043
    ],
    [
      169,
      0.00042
    ],
    [
      170,
      0.00043
    ],
    [
      171,
      0.00043
    ],
    [
      172,
      0.00039
    ],
    [
      173,
      0.00057
    ],
    [
      174,
      0.0004
    ],
    [
      175,
      0.00042
    ],
    [
      176,
      0.00041
    ],
    [
      177,
      0.00042
    ],
    [
      178,
      0.00042
    ],
    [
      179,
      0.00041
    ],
    [
      180,
      0.00042
    ],
    [
      181,
      0.0004
    ],
    [
      182,
      0.00041
    ],
    [
      183,
      0.00042
    ],
    [
      184,
      0.00042
    ],
    [
      185,
      0.0004
    ],
    [
      186,
      0.00041
    ],
    [
      187,
      0.00041
    ],
    [
      188,
      0.00038
    ],
    [
      189,
      0.00077
    ],
    [
      190,
      0.0004
    ],
    [
      191,
      0.00043
    ],
    [
      192,
      0.0004
    ],
    [
      193,
      0.00047
    ],
    [
      194,
      0.00086
    ],
    [
      195,
      0.00041
    ],
    [
      196,
      0.00039
    ],
    [
      197,
      0.00051
    ],
    [
      198,
      0.00041
    ],
    [
      199,
      0.00041
    ],
    [
      200,
      0.00252
    ]
  ],
  "lr": [
    [
      1,
      0.001
    ],
    [
      2,
      0.00099
    ],
    [
      3,
      0.00098
    ],
    [
      4,
      0.00097
    ],
    [
      5,
      0.00095
    ],
    [
      6,
      0.00094
    ],
    [
      7,
      0.00093
    ],
    [
      8,
      0.00092
    ],
    [
      9,
      0.00091
    ],
    [
      10,
      0.0009
    ],
    [
      11,
      0.00089
    ],
    [
      12,
      0.00088
    ],
    [
      13,
      0.00087
    ],
    [
      14,
      0.00086
    ],
    [
      15,
      0.00085
    ],
    [
      16,
      0.00084
    ],
    [
      17,
      0.00083
    ],
    [
      18,
      0.00082
    ],
    [
      19,
      0.00081
    ],
    [
      20,
      0.0008
    ],
    [
      21,
      0.00079
    ],
    [
      22,
      0.00079
    ],
    [
      23,
      0.00078
    ],
    [
      24,
      0.00077
    ],
    [
      25,
      0.00076
    ],
    [
      26,
      0.00075
    ],
    [
      27,
      0.00074
    ],
    [
      28,
      0.00073
    ],
    [
      29,
      0.00072
    ],
    [
      30,
      0.00072
    ],
    [
      31,
      0.00071
    ],
    [
      32,
      0.0007
    ],
    [
      33,
      0.00069
    ],
    [
      34,
      0.00068
    ],
    [
      35,
      0.00068
    ],
    [
      36,
      0.00067
    ],
    [
      37,
      0.00066
    ],
    [
      38,
      0.00065
    ],
    [
      39,
      0.00065
    ],
    [
      40,
      0.00064
    ],
    [
      41,
      0.00063
    ],
    [
      42,
      0.00062
    ],
    [
      43,
      0.00062
    ],
    [
      44,
      0.00061
    ],
    [
      45,
      0.0006
    ],
    [
      46,
      0.0006
    ],
    [
      47,
      0.00059
    ],
    [
      48,
      0.00058
    ],
    [
      49,
      0.00058
    ],
    [
      50,
      0.00057
    ],
    [
      51,
      0.00056
    ],
    [
      52,
      0.00056
    ],
    [
      53,
      0.00055
    ],
    [
      54,
      0.00054
    ],
    [
      55,
      0.00054
    ],
    [
      56,
      0.00053
    ],
    [
      57,
      0.00052
    ],
    [
      58,
      0.00052
    ],
    [
      59,
      0.00051
    ],
    [
      60,
      0.00051
    ],
    [
      61,
      0.0005
    ],
    [
      62,
      0.0005
    ],
    [
      63,
      0.00049
    ],
    [
      64,
      0.00048
    ],
    [
      65,
      0.00048
    ],
    [
      66,
      0.00047
    ],
    [
      67,
      0.00047
    ],
    [
      68,
      0.00046
    ],
    [
      69,
      0.00046
    ],
    [
      70,
      0.00045
    ],
    [
      71,
      0.00045
    ],
    [
      72,
      0.00044
    ],
    [
      73,
      0.00044
    ],
    [
      74,
      0.00043
    ],
    [
      75,
      0.00043
    ],
    [
      76,
      0.00042
    ],
    [
      77,
      0.00042
    ],
    [
      78,
      0.00041
    ],
    [
      79,
      0.00041
    ],
    [
      80,
      0.0004
    ],
    [
      81,
      0.0004
    ],
    [
      82,
      0.00039
    ],
    [
      83,
      0.00039
    ],
    [
      84,
      0.00038
    ],
    [
      85,
      0.00038
    ],
    [
      86,
      0.00038
    ],
    [
      87,
      0.00037
    ],
    [
      88,
      0.00037
    ],
    [
      89,
      0.00036
    ],
    [
      90,
      0.00036
    ],
    [
      91,
      0.00035
    ],
    [
      92,
      0.00035
    ],
    [
      93,
      0.00035
    ],
    [
      94,
      0.00034
    ],
    [
      95,
      0.00034
    ],
    [
      96,
      0.00033
    ],
    [
      97,
      0.00033
    ],
    [
      98,
      0.00033
    ],
    [
      99,
      0.00032
    ],
    [
      100,
      0.00032
    ],
    [
      101,
      0.00032
    ],
    [
      102,
      0.00031
    ],
    [
      103,
      0.00031
    ],
    [
      104,
      0.00031
    ],
    [
      105,
      0.0003
    ],
    [
      106,
      0.0003
    ],
    [
      107,
      0.0003
    ],
    [
      108,
      0.00029
    ],
    [
      109,
      0.00029
    ],
    [
      110,
      0.00029
    ],
    [
      111,
      0.00028
    ],
    [
      112,
      0.00028
    ],
    [
      113,
      0.00028
    ],
    [
      114,
      0.00027
    ],
    [
      115,
      0.00027
    ],
    [
      116,
      0.00027
    ],
    [
      117,
      0.00026
    ],
    [
      118,
      0.00026
    ],
    [
      119,
      0.00026
    ],
    [
      120,
      0.00025
    ],
    [
      121,
      0.00025
    ],
    [
      122,
      0.00025
    ],
    [
      123,
      0.00025
    ],
    [
      124,
      0.00024
    ],
    [
      125,
      0.00024
    ],
    [
      126,
      0.00024
    ],
    [
      127,
      0.00023
    ],
    [
      128,
      0.00023
    ],
    [
      129,
      0.00023
    ],
    [
      130,
      0.00023
    ],
    [
      131,
      0.00022
    ],
    [
      132,
      0.00022
    ],
    [
      133,
      0.00022
    ],
    [
      134,
      0.00022
    ],
    [
      135,
      0.00021
    ],
    [
      136,
      0.00021
    ],
    [
      137,
      0.00021
    ],
    [
      138,
      0.00021
    ],
    [
      139,
      0.0002
    ],
    [
      140,
      0.0002
    ],
    [
      141,
      0.0002
    ],
    [
      142,
      0.0002
    ],
    [
      143,
      0.00019
    ],
    [
      144,
      0.00019
    ],
    [
      145,
      0.00019
    ],
    [
      146,
      0.00019
    ],
    [
      147,
      0.00019
    ],
    [
      148,
      0.00018
    ],
    [
      149,
      0.00018
    ],
    [
      150,
      0.00018
    ],
    [
      151,
      0.00018
    ],
    [
      152,
      0.00018
    ],
    [
      153,
      0.00017
    ],
    [
      154,
      0.00017
    ],
    [
      155,
      0.00017
    ],
    [
      156,
      0.00017
    ],
    [
      157,
      0.00017
    ],
    [
      158,
      0.00016
    ],
    [
      159,
      0.00016
    ],
    [
      160,
      0.00016
    ],
    [
      161,
      0.00016
    ],
    [
      162,
      0.00016
    ],
    [
      163,
      0.00015
    ],
    [
      164,
      0.00015
    ],
    [
      165,
      0.00015
    ],
    [
      166,
      0.00015
    ],
    [
      167,
      0.00015
    ],
    [
      168,
      0.00015
    ],
    [
      169,
      0.00014
    ],
    [
      170,
      0.00014
    ],
    [
      171,
      0.00014
    ],
    [
      172,
      0.00014
    ],
    [
      173,
      0.00014
    ],
    [
      174,
      0.00014
    ],
    [
      175,
      0.00013
    ],
    [
      176,
      0.00013
    ],
    [
      177,
      0.00013
    ],
    [
      178,
      0.00013
    ],
    [
      179,
      0.00013
    ],
    [
      180,
      0.00013
    ],
    [
      181,
      0.00013
    ],
    [
      182,
      0.00012
    ],
    [
      183,
      0.00012
    ],
    [
      184,
      0.00012
    ],
    [
      185,
      0.00012
    ],
    [
      186,
      0.00012
    ],
    [
      187,
      0.00012
    ],
    [
      188,
      0.00012
    ],
    [
      189,
      0.00011
    ],
    [
      190,
      0.00011
    ],
    [
      191,
      0.00011
    ],
    [
      192,
      0.00011
    ],
    [
      193,
      0.00011
    ],
    [
      194,
      0.00011
    ],
    [
      195,
      0.00011
    ],
    [
      196,
      0.00011
    ],
    [
      197,
      0.0001
    ],
    [
      198,
      0.0001
    ],
    [
      199,
      0.0001
    ],
    [
      200,
      0.0001
    ]
  ],
  "val_acc": [
    [
      10,
      0.78311
    ],
    [
      20,
      0.78583
    ],
    [
      30,
      0.83119
    ],
    [
      40,
      0.833
    ],
    [
      50,
      0.82772
    ],
    [
      60,
      0.82384
    ],
    [
      70,
      0.82281
    ],
    [
      80,
      0.82932
    ],
    [
      90,
      0.83489
    ],
    [
      100,
      0.83099
    ],
    [
      110,
      0.83563
    ],
    [
      120,
      0.82985
    ],
    [
      130,
      0.82545
    ],
    [
      140,
      0.82396
    ],
    [
      150,
      0.82459
    ],
    [
      160,
      0.82545
    ],
    [
      170,
      0.82533
    ],
    [
      180,
      0.82702
    ],
    [
      190,
      0.78483
    ],
    [
      200,
      0.83687
    ]
  ],
  "val_acc_squirrel": [
    [
      10,
      0.79147
    ],
    [
      20,
      0.80638
    ],
    [
      30,
      0.88698
    ],
    [
      40,
      0.88997
    ],
    [
      50,
      0.86983
    ],
    [
      60,
      0.87228
    ],
    [
      70,
      0.87085
    ],
    [
      80,
      0.88262
    ],
    [
      90,
      0.87331
    ],
    [
      100,
      0.86618
    ],
    [
      110,
      0.86428
    ],
    [
      120,
      0.86356
    ],
    [
      130,
      0.86528
    ],
    [
      140,
      0.8719
    ],
    [
      150,
      0.86356
    ],
    [
      160,
      0.86528
    ],
    [
      170,
      0.86457
    ],
    [
      180,
      0.86303
    ],
    [
      190,
      0.86259
    ],
    [
      200,
      0.87695
    ]
  ],
  "val_acc_rat": [
    [
      10,
      0.77476
    ],
    [
      20,
      0.76528
    ],
    [
      30,
      0.7754
    ],
    [
      40,
      0.77602
    ],
    [
      50,
      0.78562
    ],
    [
      60,
      0.7754
    ],
    [
      70,
      0.77476
    ],
    [
      80,
      0.77602
    ],
    [
      90,
      0.79647
    ],
    [
      100,
      0.7958
    ],
    [
      110,
      0.80699
    ],
    [
      120,
      0.79614
    ],
    [
      130,
      0.78562
    ],
    [
      140,
      0.77602
    ],
    [
      150,
      0.78562
    ],
    [
      160,
      0.78562
    ],
    [
      170,
      0.7861
    ],
    [
      180,
      0.79101
    ],
    [
      190,
      0.70707
    ],
    [
      200,
      0.79679
    ]
  ],
  "mean": 0,
  "std": 255,
  "label_type": "detection",
  "data_type": "image",
  "labels": [
    "squirrel",
    "rat"
  ],
  "best_eval": {
    "epoch": 200,
    "val_acc": 0.837,
    "val_info": [
      {
        "name": "c05ed41191f1427eaff1311645291ce6.jpg",
        "nickname": "Untitled-design-7-_jpg.rf.028114900c72f674352b6659b34ce36d.jpg",
        "pred": [
          [
            88,
            116,
            317,
            406,
            0.5710074305534363,
            0.0
          ],
          [
            92,
            117,
            314,
            406,
            0.5120348334312439,
            1.0
          ]
        ],
        "gt": [
          [
            91,
            117,
            299,
            410,
            1.0,
            0.0
          ]
        ],
        "ok": false
      },
      {
        "name": "f15045f0939f42b5bf13099b989112e8.jpg",
        "nickname": "istockphoto-147043353-612x612_jpg.rf.668dff22d17915d733484ce51a6c6782.jpg",
        "pred": [
          [
            55,
            32,
            371,
            351,
            0.9160550832748413,
            0.0
          ]
        ],
        "gt": [
          [
            54,
            35,
            368,
            347,
            1.0,
            0.0
          ]
        ],
        "ok": true
      },
      {
        "name": "56f315a5a9fb46f6a352c8675d0ae0ee.jpg",
        "nickname": "istockphoto-500163625-612x612_jpg.rf.0c01679526c30dcc11698ffdbfc7b0cb.jpg",
        "pred": [
          [
            85,
            83,
            270,
            367,
            0.948352575302124,
            0.0
          ]
        ],
        "gt": [
          [
            97,
            69,
            262,
            371,
            1.0,
            0.0
          ]
        ],
        "ok": true
      },
      {
        "name": "2bbe3fde8caf43d8927cc3077324490c.jpg",
        "nickname": "istockphoto-1302810983-612x612_jpg.rf.99c9541a79c11c655bd210781be0373e.jpg",
        "pred": [
          [
            71,
            92,
            401,
            321,
            0.9139392971992493,
            0.0
          ]
        ],
        "gt": [
          [
            80,
            84,
            405,
            319,
            1.0,
            0.0
          ]
        ],
        "ok": true
      },
      {
        "name": "4d130069b3b9452aba2ee757dcd8312a.jpg",
        "nickname": "domestic-rat_87557-9843_jpg.rf.45b55093e9070e727c10a7156829bd6d.jpg",
        "pred": [
          [
            70,
            56,
            309,
            390,
            0.9057366251945496,
            1.0
          ]
        ],
        "gt": [
          [
            46,
            61,
            325,
            399,
            1.0,
            1.0
          ]
        ],
        "ok": true
      },
      {
        "name": "a6dfa948198541e8a31d9008d11e0759.jpg",
        "nickname": "240_F_242466416_mxZFaV8Jy3wdTbFYcBFIo6Xg1T97AkDn_jpg.rf.d3330cfbdf86c7dacefc6d87133457d9.jpg",
        "pred": [
          [
            26,
            68,
            375,
            369,
            0.8855642080307007,
            1.0
          ]
        ],
        "gt": [
          [
            189,
            59,
            375,
            368,
            1.0,
            1.0
          ]
        ],
        "ok": true
      },
      {
        "name": "a4dfbfab9556467e8fa18b33b2f433ce.jpg",
        "nickname": "240_F_296338420_oOuo82k108OdUfJhaX6EHshR2BXPN3o1_jpg.rf.d4646c48234f16895b596782f20780c3.jpg",
        "pred": [
          [
            65,
            62,
            379,
            385,
            0.9225442409515381,
            1.0
          ]
        ],
        "gt": [
          [
            69,
            65,
            373,
            377,
            1.0,
            1.0
          ]
        ],
        "ok": true
      },
      {
        "name": "8a3053e42cb64fadb7e9c4d344b8f1e6.jpg",
        "nickname": "istockphoto-1350499984-612x612_jpg.rf.e41d86c81f8bc51201ebdd3acb4839a5.jpg",
        "pred": [
          [
            1,
            98,
            296,
            367,
            0.5563889145851135,
            1.0
          ]
        ],
        "gt": [
          [
            0,
            98,
            286,
            355,
            1.0,
            0.0
          ]
        ],
        "ok": false
      },
      {
        "name": "1fe44e09bdf84d5ca3594c193c605ce6.jpg",
        "nickname": "240_F_100316693_BZK73ZZ3NpzATo1aLbaiKp6fXiGRcSKd_jpg.rf.38a925e07946a5c9faddbc0c5119fef0.jpg",
        "pred": [
          [
            47,
            29,
            376,
            344,
            0.8700957894325256,
            0.0
          ]
        ],
        "gt": [
          [
            50,
            22,
            368,
            358,
            1.0,
            1.0
          ]
        ],
        "ok": false
      },
      {
        "name": "c84635d60b0347ab88e7cea727a01a91.jpg",
        "nickname": "close-up-dog-white-background_1048944-15109396_jpg.rf.272ba465efd80775977d7a8c6bfad503.jpg",
        "pred": [
          [
            13,
            106,
            296,
            373,
            0.8581860065460205,
            0.0
          ]
        ],
        "gt": [
          [
            7,
            84,
            292,
            381,
            1.0,
            1.0
          ]
        ],
        "ok": false
      },
      {
        "name": "8bde6e0637d1416f8fc0e598afc63322.jpg",
        "nickname": "black-rat-rattus-rattus-front-white-background_191971-26160_jpg.rf.1799f4c96dc6b7772931de0d7356b2bc.jpg",
        "pred": [
          [
            21,
            64,
            342,
            363,
            0.722328245639801,
            0.0
          ]
        ],
        "gt": [
          [
            19,
            56,
            331,
            370,
            1.0,
            1.0
          ]
        ],
        "ok": false
      },
      {
        "name": "a8ecf1364da34025bf25d85933908b0a.jpg",
        "nickname": "istockphoto-1299210655-612x612_jpg.rf.99fd7cbbd6bc8a58e7bc40253f6a2f49.jpg",
        "pred": [
          [
            15,
            43,
            416,
            376,
            0.5319724082946777,
            0.0
          ]
        ],
        "gt": [
          [
            117,
            102,
            405,
            234,
            1.0,
            0.0
          ]
        ],
        "ok": false
      }
    ]
  }
}