{
  "anchors": [
    10,
    13,
    16,
    30,
    33,
    23,
    30,
    61,
    62,
    45,
    59,
    119,
    116,
    90,
    156,
    198,
    373,
    326
  ],
  "inputs": {
    "input0": [
      224,
      224,
      3
    ]
  },
  "outputs": {
    "output0": [
      28,
      28,
      21
    ],
    "output1": [
      14,
      14,
      21
    ],
    "output2": [
      7,
      7,
      21
    ]
  },
  "params_quantity": 7025023,
  "loss": [
    [
      1,
      4.6272
    ],
    [
      2,
      4.06402
    ],
    [
      3,
      3.64273
    ],
    [
      4,
      3.32465
    ],
    [
      5,
      3.04368
    ],
    [
      6,
      2.78393
    ],
    [
      7,
      2.55359
    ],
    [
      8,
      2.3373
    ],
    [
      9,
      2.12786
    ],
    [
      10,
      1.96967
    ],
    [
      11,
      1.80874
    ],
    [
      12,
      1.69414
    ],
    [
      13,
      1.58049
    ],
    [
      14,
      1.49776
    ],
    [
      15,
      1.42271
    ],
    [
      16,
      1.35807
    ],
    [
      17,
      1.3068
    ],
    [
      18,
      1.2762
    ],
    [
      19,
      1.22365
    ],
    [
      20,
      1.21501
    ],
    [
      21,
      1.18508
    ],
    [
      22,
      1.13223
    ],
    [
      23,
      1.11594
    ],
    [
      24,
      1.08896
    ],
    [
      25,
      1.05621
    ],
    [
      26,
      1.0305
    ],
    [
      27,
      1.01991
    ],
    [
      28,
      0.98832
    ],
    [
      29,
      0.97143
    ],
    [
      30,
      0.95837
    ],
    [
      31,
      0.92611
    ],
    [
      32,
      0.93062
    ],
    [
      33,
      0.91966
    ],
    [
      34,
      0.90036
    ],
    [
      35,
      0.87881
    ],
    [
      36,
      0.87781
    ],
    [
      37,
      0.88648
    ],
    [
      38,
      0.84853
    ],
    [
      39,
      0.83926
    ],
    [
      40,
      0.84312
    ],
    [
      41,
      0.81721
    ],
    [
      42,
      0.81
    ],
    [
      43,
      0.81448
    ],
    [
      44,
      0.78684
    ],
    [
      45,
      0.78491
    ],
    [
      46,
      0.78966
    ],
    [
      47,
      0.78804
    ],
    [
      48,
      0.77249
    ],
    [
      49,
      0.73646
    ],
    [
      50,
      0.75266
    ],
    [
      51,
      0.74785
    ],
    [
      52,
      0.73216
    ],
    [
      53,
      0.74042
    ],
    [
      54,
      0.71054
    ],
    [
      55,
      0.7275
    ],
    [
      56,
      0.70972
    ],
    [
      57,
      0.70457
    ],
    [
      58,
      0.71219
    ],
    [
      59,
      0.6993
    ],
    [
      60,
      0.69152
    ],
    [
      61,
      0.69397
    ],
    [
      62,
      0.66856
    ],
    [
      63,
      0.68176
    ],
    [
      64,
      0.67029
    ],
    [
      65,
      0.66645
    ],
    [
      66,
      0.67623
    ],
    [
      67,
      0.66291
    ],
    [
      68,
      0.66357
    ],
    [
      69,
      0.62966
    ],
    [
      70,
      0.64781
    ],
    [
      71,
      0.63619
    ],
    [
      72,
      0.64414
    ],
    [
      73,
      0.62546
    ],
    [
      74,
      0.62558
    ],
    [
      75,
      0.6353
    ],
    [
      76,
      0.62217
    ],
    [
      77,
      0.63166
    ],
    [
      78,
      0.61104
    ],
    [
      79,
      0.61983
    ],
    [
      80,
      0.60711
    ],
    [
      81,
      0.59408
    ],
    [
      82,
      0.61951
    ],
    [
      83,
      0.60267
    ],
    [
      84,
      0.59328
    ],
    [
      85,
      0.59077
    ],
    [
      86,
      0.58318
    ],
    [
      87,
      0.5798
    ],
    [
      88,
      0.57537
    ],
    [
      89,
      0.58964
    ],
    [
      90,
      0.58453
    ],
    [
      91,
      0.57371
    ],
    [
      92,
      0.56229
    ],
    [
      93,
      0.59016
    ],
    [
      94,
      0.57265
    ],
    [
      95,
      0.58338
    ],
    [
      96,
      0.56037
    ],
    [
      97,
      0.554
    ],
    [
      98,
      0.54912
    ],
    [
      99,
      0.54318
    ],
    [
      100,
      0.56358
    ],
    [
      101,
      0.57322
    ],
    [
      102,
      0.55269
    ],
    [
      103,
      0.55871
    ],
    [
      104,
      0.5555
    ],
    [
      105,
      0.54557
    ],
    [
      106,
      0.53563
    ],
    [
      107,
      0.53713
    ],
    [
      108,
      0.54023
    ],
    [
      109,
      0.52668
    ],
    [
      110,
      0.5188
    ],
    [
      111,
      0.53302
    ],
    [
      112,
      0.52729
    ],
    [
      113,
      0.53056
    ],
    [
      114,
      0.53087
    ],
    [
      115,
      0.52914
    ],
    [
      116,
      0.52178
    ],
    [
      117,
      0.51226
    ],
    [
      118,
      0.50563
    ],
    [
      119,
      0.51961
    ],
    [
      120,
      0.51415
    ],
    [
      121,
      0.51369
    ],
    [
      122,
      0.50603
    ],
    [
      123,
      0.50107
    ],
    [
      124,
      0.50709
    ],
    [
      125,
      0.50595
    ],
    [
      126,
      0.50068
    ],
    [
      127,
      0.49606
    ],
    [
      128,
      0.51218
    ],
    [
      129,
      0.50516
    ],
    [
      130,
      0.50275
    ],
    [
      131,
      0.49426
    ],
    [
      132,
      0.50662
    ],
    [
      133,
      0.49355
    ],
    [
      134,
      0.49308
    ],
    [
      135,
      0.47825
    ],
    [
      136,
      0.49301
    ],
    [
      137,
      0.49426
    ],
    [
      138,
      0.49673
    ],
    [
      139,
      0.46831
    ],
    [
      140,
      0.49081
    ],
    [
      141,
      0.47575
    ],
    [
      142,
      0.47789
    ],
    [
      143,
      0.47914
    ],
    [
      144,
      0.48257
    ],
    [
      145,
      0.48345
    ],
    [
      146,
      0.47284
    ],
    [
      147,
      0.46414
    ],
    [
      148,
      0.46782
    ],
    [
      149,
      0.47274
    ],
    [
      150,
      0.46692
    ],
    [
      151,
      0.46338
    ],
    [
      152,
      0.47393
    ],
    [
      153,
      0.47574
    ],
    [
      154,
      0.4613
    ],
    [
      155,
      0.47095
    ],
    [
      156,
      0.47525
    ],
    [
      157,
      0.44763
    ],
    [
      158,
      0.45389
    ],
    [
      159,
      0.46192
    ],
    [
      160,
      0.45329
    ],
    [
      161,
      0.46332
    ],
    [
      162,
      0.46811
    ],
    [
      163,
      0.46401
    ],
    [
      164,
      0.45402
    ],
    [
      165,
      0.46185
    ],
    [
      166,
      0.43865
    ],
    [
      167,
      0.45134
    ],
    [
      168,
      0.45073
    ],
    [
      169,
      0.44672
    ],
    [
      170,
      0.43689
    ],
    [
      171,
      0.44548
    ],
    [
      172,
      0.44747
    ],
    [
      173,
      0.45028
    ],
    [
      174,
      0.43715
    ],
    [
      175,
      0.44167
    ],
    [
      176,
      0.43564
    ],
    [
      177,
      0.42334
    ],
    [
      178,
      0.44065
    ],
    [
      179,
      0.4335
    ],
    [
      180,
      0.42955
    ],
    [
      181,
      0.43647
    ],
    [
      182,
      0.43265
    ],
    [
      183,
      0.44067
    ],
    [
      184,
      0.42341
    ],
    [
      185,
      0.42101
    ],
    [
      186,
      0.42442
    ],
    [
      187,
      0.42449
    ],
    [
      188,
      0.42847
    ],
    [
      189,
      0.43284
    ],
    [
      190,
      0.44536
    ],
    [
      191,
      0.43395
    ],
    [
      192,
      0.42101
    ],
    [
      193,
      0.41713
    ],
    [
      194,
      0.41304
    ],
    [
      195,
      0.41766
    ],
    [
      196,
      0.41159
    ],
    [
      197,
      0.41188
    ],
    [
      198,
      0.42636
    ],
    [
      199,
      0.41183
    ],
    [
      200,
      0.40576
    ]
  ],
  "loss_conf": [
    [
      1,
      0.00873
    ],
    [
      2,
      0.01088
    ],
    [
      3,
      0.01216
    ],
    [
      4,
      0.01302
    ],
    [
      5,
      0.01356
    ],
    [
      6,
      0.01374
    ],
    [
      7,
      0.01352
    ],
    [
      8,
      0.01306
    ],
    [
      9,
      0.01238
    ],
    [
      10,
      0.01164
    ],
    [
      11,
      0.0109
    ],
    [
      12,
      0.0102
    ],
    [
      13,
      0.00969
    ],
    [
      14,
      0.00922
    ],
    [
      15,
      0.0089
    ],
    [
      16,
      0.00864
    ],
    [
      17,
      0.00836
    ],
    [
      18,
      0.00813
    ],
    [
      19,
      0.00795
    ],
    [
      20,
      0.00779
    ],
    [
      21,
      0.00766
    ],
    [
      22,
      0.00755
    ],
    [
      23,
      0.00747
    ],
    [
      24,
      0.00729
    ],
    [
      25,
      0.00715
    ],
    [
      26,
      0.00709
    ],
    [
      27,
      0.00698
    ],
    [
      28,
      0.00687
    ],
    [
      29,
      0.0068
    ],
    [
      30,
      0.00671
    ],
    [
      31,
      0.00663
    ],
    [
      32,
      0.00656
    ],
    [
      33,
      0.0065
    ],
    [
      34,
      0.00637
    ],
    [
      35,
      0.00632
    ],
    [
      36,
      0.00624
    ],
    [
      37,
      0.00623
    ],
    [
      38,
      0.00616
    ],
    [
      39,
      0.00606
    ],
    [
      40,
      0.00602
    ],
    [
      41,
      0.00593
    ],
    [
      42,
      0.0059
    ],
    [
      43,
      0.00585
    ],
    [
      44,
      0.00577
    ],
    [
      45,
      0.00572
    ],
    [
      46,
      0.00568
    ],
    [
      47,
      0.00567
    ],
    [
      48,
      0.00563
    ],
    [
      49,
      0.00554
    ],
    [
      50,
      0.00553
    ],
    [
      51,
      0.00547
    ],
    [
      52,
      0.0054
    ],
    [
      53,
      0.00534
    ],
    [
      54,
      0.00528
    ],
    [
      55,
      0.00524
    ],
    [
      56,
      0.00523
    ],
    [
      57,
      0.00518
    ],
    [
      58,
      0.00515
    ],
    [
      59,
      0.00513
    ],
    [
      60,
      0.00505
    ],
    [
      61,
      0.00504
    ],
    [
      62,
      0.00499
    ],
    [
      63,
      0.00492
    ],
    [
      64,
      0.00493
    ],
    [
      65,
      0.00489
    ],
    [
      66,
      0.0049
    ],
    [
      67,
      0.00482
    ],
    [
      68,
      0.0048
    ],
    [
      69,
      0.00473
    ],
    [
      70,
      0.00469
    ],
    [
      71,
      0.00468
    ],
    [
      72,
      0.00464
    ],
    [
      73,
      0.00459
    ],
    [
      74,
      0.00458
    ],
    [
      75,
      0.00458
    ],
    [
      76,
      0.0045
    ],
    [
      77,
      0.00452
    ],
    [
      78,
      0.00447
    ],
    [
      79,
      0.00448
    ],
    [
      80,
      0.00442
    ],
    [
      81,
      0.00438
    ],
    [
      82,
      0.00437
    ],
    [
      83,
      0.0043
    ],
    [
      84,
      0.00429
    ],
    [
      85,
      0.00429
    ],
    [
      86,
      0.00423
    ],
    [
      87,
      0.00422
    ],
    [
      88,
      0.00424
    ],
    [
      89,
      0.00424
    ],
    [
      90,
      0.0042
    ],
    [
      91,
      0.00413
    ],
    [
      92,
      0.0041
    ],
    [
      93,
      0.0041
    ],
    [
      94,
      0.00409
    ],
    [
      95,
      0.00406
    ],
    [
      96,
      0.00402
    ],
    [
      97,
      0.00401
    ],
    [
      98,
      0.00402
    ],
    [
      99,
      0.00396
    ],
    [
      100,
      0.00395
    ],
    [
      101,
      0.00399
    ],
    [
      102,
      0.00391
    ],
    [
      103,
      0.00391
    ],
    [
      104,
      0.00384
    ],
    [
      105,
      0.00383
    ],
    [
      106,
      0.00376
    ],
    [
      107,
      0.00379
    ],
    [
      108,
      0.0038
    ],
    [
      109,
      0.00372
    ],
    [
      110,
      0.00373
    ],
    [
      111,
      0.00372
    ],
    [
      112,
      0.0037
    ],
    [
      113,
      0.00371
    ],
    [
      114,
      0.00366
    ],
    [
      115,
      0.00366
    ],
    [
      116,
      0.00363
    ],
    [
      117,
      0.00363
    ],
    [
      118,
      0.00359
    ],
    [
      119,
      0.00362
    ],
    [
      120,
      0.00357
    ],
    [
      121,
      0.00355
    ],
    [
      122,
      0.00352
    ],
    [
      123,
      0.00351
    ],
    [
      124,
      0.0035
    ],
    [
      125,
      0.0035
    ],
    [
      126,
      0.00343
    ],
    [
      127,
      0.00347
    ],
    [
      128,
      0.00344
    ],
    [
      129,
      0.00345
    ],
    [
      130,
      0.00341
    ],
    [
      131,
      0.00337
    ],
    [
      132,
      0.0034
    ],
    [
      133,
      0.00337
    ],
    [
      134,
      0.00335
    ],
    [
      135,
      0.00334
    ],
    [
      136,
      0.00335
    ],
    [
      137,
      0.00334
    ],
    [
      138,
      0.00335
    ],
    [
      139,
      0.00326
    ],
    [
      140,
      0.00328
    ],
    [
      141,
      0.00327
    ],
    [
      142,
      0.00323
    ],
    [
      143,
      0.00323
    ],
    [
      144,
      0.00322
    ],
    [
      145,
      0.00321
    ],
    [
      146,
      0.00318
    ],
    [
      147,
      0.00317
    ],
    [
      148,
      0.00313
    ],
    [
      149,
      0.00318
    ],
    [
      150,
      0.00315
    ],
    [
      151,
      0.00313
    ],
    [
      152,
      0.00315
    ],
    [
      153,
      0.0031
    ],
    [
      154,
      0.00306
    ],
    [
      155,
      0.00307
    ],
    [
      156,
      0.00308
    ],
    [
      157,
      0.00303
    ],
    [
      158,
      0.00303
    ],
    [
      159,
      0.00305
    ],
    [
      160,
      0.00299
    ],
    [
      161,
      0.00304
    ],
    [
      162,
      0.00299
    ],
    [
      163,
      0.00302
    ],
    [
      164,
      0.003
    ],
    [
      165,
      0.003
    ],
    [
      166,
      0.00299
    ],
    [
      167,
      0.00295
    ],
    [
      168,
      0.00295
    ],
    [
      169,
      0.00294
    ],
    [
      170,
      0.00291
    ],
    [
      171,
      0.00292
    ],
    [
      172,
      0.00294
    ],
    [
      173,
      0.00292
    ],
    [
      174,
      0.00287
    ],
    [
      175,
      0.00288
    ],
    [
      176,
      0.00287
    ],
    [
      177,
      0.00284
    ],
    [
      178,
      0.00286
    ],
    [
      179,
      0.00283
    ],
    [
      180,
      0.00282
    ],
    [
      181,
      0.00284
    ],
    [
      182,
      0.00281
    ],
    [
      183,
      0.00281
    ],
    [
      184,
      0.0028
    ],
    [
      185,
      0.00276
    ],
    [
      186,
      0.00278
    ],
    [
      187,
      0.00275
    ],
    [
      188,
      0.00274
    ],
    [
      189,
      0.00275
    ],
    [
      190,
      0.00275
    ],
    [
      191,
      0.00275
    ],
    [
      192,
      0.0027
    ],
    [
      193,
      0.00271
    ],
    [
      194,
      0.00265
    ],
    [
      195,
      0.00267
    ],
    [
      196,
      0.00266
    ],
    [
      197,
      0.00264
    ],
    [
      198,
      0.0027
    ],
    [
      199,
      0.00269
    ],
    [
      200,
      0.00264
    ]
  ],
  "loss_pos": [
    [
      1,
      0.10834
    ],
    [
      2,
      0.09129
    ],
    [
      3,
      0.07989
    ],
    [
      4,
      0.07103
    ],
    [
      5,
      0.06343
    ],
    [
      6,
      0.05669
    ],
    [
      7,
      0.05136
    ],
    [
      8,
      0.04707
    ],
    [
      9,
      0.04351
    ],
    [
      10,
      0.04132
    ],
    [
      11,
      0.03902
    ],
    [
      12,
      0.03742
    ],
    [
      13,
      0.03567
    ],
    [
      14,
      0.0344
    ],
    [
      15,
      0.03285
    ],
    [
      16,
      0.03169
    ],
    [
      17,
      0.03059
    ],
    [
      18,
      0.03003
    ],
    [
      19,
      0.02878
    ],
    [
      20,
      0.02879
    ],
    [
      21,
      0.02795
    ],
    [
      22,
      0.02669
    ],
    [
      23,
      0.02626
    ],
    [
      24,
      0.02569
    ],
    [
      25,
      0.02481
    ],
    [
      26,
      0.02431
    ],
    [
      27,
      0.02395
    ],
    [
      28,
      0.02319
    ],
    [
      29,
      0.02287
    ],
    [
      30,
      0.02254
    ],
    [
      31,
      0.02166
    ],
    [
      32,
      0.02181
    ],
    [
      33,
      0.0215
    ],
    [
      34,
      0.02109
    ],
    [
      35,
      0.02059
    ],
    [
      36,
      0.02058
    ],
    [
      37,
      0.0209
    ],
    [
      38,
      0.01976
    ],
    [
      39,
      0.01961
    ],
    [
      40,
      0.01978
    ],
    [
      41,
      0.01901
    ],
    [
      42,
      0.01889
    ],
    [
      43,
      0.01908
    ],
    [
      44,
      0.01829
    ],
    [
      45,
      0.01835
    ],
    [
      46,
      0.01848
    ],
    [
      47,
      0.01848
    ],
    [
      48,
      0.01809
    ],
    [
      49,
      0.01708
    ],
    [
      50,
      0.01753
    ],
    [
      51,
      0.01744
    ],
    [
      52,
      0.01706
    ],
    [
      53,
      0.01738
    ],
    [
      54,
      0.01652
    ],
    [
      55,
      0.01712
    ],
    [
      56,
      0.01659
    ],
    [
      57,
      0.01647
    ],
    [
      58,
      0.01672
    ],
    [
      59,
      0.01631
    ],
    [
      60,
      0.01621
    ],
    [
      61,
      0.01628
    ],
    [
      62,
      0.01551
    ],
    [
      63,
      0.01601
    ],
    [
      64,
      0.01569
    ],
    [
      65,
      0.01558
    ],
    [
      66,
      0.01583
    ],
    [
      67,
      0.01557
    ],
    [
      68,
      0.01555
    ],
    [
      69,
      0.01465
    ],
    [
      70,
      0.01524
    ],
    [
      71,
      0.01491
    ],
    [
      72,
      0.0152
    ],
    [
      73,
      0.0146
    ],
    [
      74,
      0.01469
    ],
    [
      75,
      0.0149
    ],
    [
      76,
      0.01463
    ],
    [
      77,
      0.01489
    ],
    [
      78,
      0.01431
    ],
    [
      79,
      0.01452
    ],
    [
      80,
      0.01422
    ],
    [
      81,
      0.01389
    ],
    [
      82,
      0.01471
    ],
    [
      83,
      0.01421
    ],
    [
      84,
      0.01397
    ],
    [
      85,
      0.01386
    ],
    [
      86,
      0.01366
    ],
    [
      87,
      0.01356
    ],
    [
      88,
      0.01342
    ],
    [
      89,
      0.01387
    ],
    [
      90,
      0.0137
    ],
    [
      91,
      0.01354
    ],
    [
      92,
      0.01316
    ],
    [
      93,
      0.01408
    ],
    [
      94,
      0.0135
    ],
    [
      95,
      0.01385
    ],
    [
      96,
      0.0132
    ],
    [
      97,
      0.01299
    ],
    [
      98,
      0.01287
    ],
    [
      99,
      0.01274
    ],
    [
      100,
      0.01336
    ],
    [
      101,
      0.0137
    ],
    [
      102,
      0.01309
    ],
    [
      103,
      0.01323
    ],
    [
      104,
      0.0132
    ],
    [
      105,
      0.0129
    ],
    [
      106,
      0.01269
    ],
    [
      107,
      0.01274
    ],
    [
      108,
      0.01282
    ],
    [
      109,
      0.01245
    ],
    [
      110,
      0.01221
    ],
    [
      111,
      0.01263
    ],
    [
      112,
      0.01249
    ],
    [
      113,
      0.01259
    ],
    [
      114,
      0.01266
    ],
    [
      115,
      0.0126
    ],
    [
      116,
      0.01237
    ],
    [
      117,
      0.01208
    ],
    [
      118,
      0.01195
    ],
    [
      119,
      0.01235
    ],
    [
      120,
      0.01224
    ],
    [
      121,
      0.01227
    ],
    [
      122,
      0.01203
    ],
    [
      123,
      0.01186
    ],
    [
      124,
      0.01207
    ],
    [
      125,
      0.01201
    ],
    [
      126,
      0.01192
    ],
    [
      127,
      0.01178
    ],
    [
      128,
      0.0123
    ],
    [
      129,
      0.01203
    ],
    [
      130,
      0.012
    ],
    [
      131,
      0.01179
    ],
    [
      132,
      0.01217
    ],
    [
      133,
      0.01173
    ],
    [
      134,
      0.0118
    ],
    [
      135,
      0.01132
    ],
    [
      136,
      0.01182
    ],
    [
      137,
      0.01183
    ],
    [
      138,
      0.01192
    ],
    [
      139,
      0.01108
    ],
    [
      140,
      0.01179
    ],
    [
      141,
      0.01134
    ],
    [
      142,
      0.01142
    ],
    [
      143,
      0.01152
    ],
    [
      144,
      0.01159
    ],
    [
      145,
      0.01164
    ],
    [
      146,
      0.01133
    ],
    [
      147,
      0.01103
    ],
    [
      148,
      0.01122
    ],
    [
      149,
      0.01131
    ],
    [
      150,
      0.01118
    ],
    [
      151,
      0.0111
    ],
    [
      152,
      0.0114
    ],
    [
      153,
      0.01148
    ],
    [
      154,
      0.01111
    ],
    [
      155,
      0.01137
    ],
    [
      156,
      0.01149
    ],
    [
      157,
      0.01069
    ],
    [
      158,
      0.01095
    ],
    [
      159,
      0.01114
    ],
    [
      160,
      0.01092
    ],
    [
      161,
      0.01115
    ],
    [
      162,
      0.01135
    ],
    [
      163,
      0.01118
    ],
    [
      164,
      0.0109
    ],
    [
      165,
      0.01116
    ],
    [
      166,
      0.01041
    ],
    [
      167,
      0.01091
    ],
    [
      168,
      0.01086
    ],
    [
      169,
      0.01075
    ],
    [
      170,
      0.0105
    ],
    [
      171,
      0.01071
    ],
    [
      172,
      0.01073
    ],
    [
      173,
      0.01092
    ],
    [
      174,
      0.01055
    ],
    [
      175,
      0.01066
    ],
    [
      176,
      0.01047
    ],
    [
      177,
      0.01014
    ],
    [
      178,
      0.01062
    ],
    [
      179,
      0.01046
    ],
    [
      180,
      0.01035
    ],
    [
      181,
      0.01054
    ],
    [
      182,
      0.01045
    ],
    [
      183,
      0.01074
    ],
    [
      184,
      0.01017
    ],
    [
      185,
      0.01012
    ],
    [
      186,
      0.01023
    ],
    [
      187,
      0.01025
    ],
    [
      188,
      0.0104
    ],
    [
      189,
      0.01055
    ],
    [
      190,
      0.01097
    ],
    [
      191,
      0.01056
    ],
    [
      192,
      0.01022
    ],
    [
      193,
      0.01008
    ],
    [
      194,
      0.01
    ],
    [
      195,
      0.01016
    ],
    [
      196,
      0.00995
    ],
    [
      197,
      0.00997
    ],
    [
      198,
      0.01038
    ],
    [
      199,
      0.00989
    ],
    [
      200,
      0.00976
    ]
  ],
  "loss_class": [
    [
      1,
      0.0295
    ],
    [
      2,
      0.02667
    ],
    [
      3,
      0.02332
    ],
    [
      4,
      0.02131
    ],
    [
      5,
      0.01946
    ],
    [
      6,
      0.01778
    ],
    [
      7,
      0.01608
    ],
    [
      8,
      0.01399
    ],
    [
      9,
      0.01143
    ],
    [
      10,
      0.00952
    ],
    [
      11,
      0.00755
    ],
    [
      12,
      0.0061
    ],
    [
      13,
      0.0048
    ],
    [
      14,
      0.00389
    ],
    [
      15,
      0.0034
    ],
    [
      16,
      0.00267
    ],
    [
      17,
      0.00245
    ],
    [
      18,
      0.00231
    ],
    [
      19,
      0.00214
    ],
    [
      20,
      0.00192
    ],
    [
      21,
      0.00191
    ],
    [
      22,
      0.00168
    ],
    [
      23,
      0.00165
    ],
    [
      24,
      0.00157
    ],
    [
      25,
      0.00145
    ],
    [
      26,
      0.00136
    ],
    [
      27,
      0.00139
    ],
    [
      28,
      0.00126
    ],
    [
      29,
      0.00121
    ],
    [
      30,
      0.00111
    ],
    [
      31,
      0.00111
    ],
    [
      32,
      0.00113
    ],
    [
      33,
      0.00112
    ],
    [
      34,
      0.00109
    ],
    [
      35,
      0.00102
    ],
    [
      36,
      0.00103
    ],
    [
      37,
      0.001
    ],
    [
      38,
      0.00096
    ],
    [
      39,
      0.00098
    ],
    [
      40,
      0.00095
    ],
    [
      41,
      0.00092
    ],
    [
      42,
      0.0009
    ],
    [
      43,
      0.00092
    ],
    [
      44,
      0.00083
    ],
    [
      45,
      0.00086
    ],
    [
      46,
      0.00086
    ],
    [
      47,
      0.00089
    ],
    [
      48,
      0.00081
    ],
    [
      49,
      0.00078
    ],
    [
      50,
      0.00087
    ],
    [
      51,
      0.00081
    ],
    [
      52,
      0.00074
    ],
    [
      53,
      0.00073
    ],
    [
      54,
      0.00073
    ],
    [
      55,
      0.00076
    ],
    [
      56,
      0.00074
    ],
    [
      57,
      0.00071
    ],
    [
      58,
      0.00072
    ],
    [
      59,
      0.00075
    ],
    [
      60,
      0.00069
    ],
    [
      61,
      0.0007
    ],
    [
      62,
      0.00071
    ],
    [
      63,
      0.00068
    ],
    [
      64,
      0.00066
    ],
    [
      65,
      0.00065
    ],
    [
      66,
      0.00069
    ],
    [
      67,
      0.00063
    ],
    [
      68,
      0.00068
    ],
    [
      69,
      0.00063
    ],
    [
      70,
      0.00063
    ],
    [
      71,
      0.00062
    ],
    [
      72,
      0.00062
    ],
    [
      73,
      0.00064
    ],
    [
      74,
      0.0006
    ],
    [
      75,
      0.00063
    ],
    [
      76,
      0.0006
    ],
    [
      77,
      0.00063
    ],
    [
      78,
      0.00062
    ],
    [
      79,
      0.00063
    ],
    [
      80,
      0.00062
    ],
    [
      81,
      0.00059
    ],
    [
      82,
      0.00061
    ],
    [
      83,
      0.00059
    ],
    [
      84,
      0.00057
    ],
    [
      85,
      0.00059
    ],
    [
      86,
      0.00057
    ],
    [
      87,
      0.00057
    ],
    [
      88,
      0.0006
    ],
    [
      89,
      0.00058
    ],
    [
      90,
      0.0006
    ],
    [
      91,
      0.00054
    ],
    [
      92,
      0.00055
    ],
    [
      93,
      0.00056
    ],
    [
      94,
      0.00057
    ],
    [
      95,
      0.00057
    ],
    [
      96,
      0.00055
    ],
    [
      97,
      0.00056
    ],
    [
      98,
      0.00054
    ],
    [
      99,
      0.00055
    ],
    [
      100,
      0.00055
    ],
    [
      101,
      0.00056
    ],
    [
      102,
      0.00053
    ],
    [
      103,
      0.00061
    ],
    [
      104,
      0.00056
    ],
    [
      105,
      0.00057
    ],
    [
      106,
      0.00052
    ],
    [
      107,
      0.00053
    ],
    [
      108,
      0.00053
    ],
    [
      109,
      0.00051
    ],
    [
      110,
      0.00052
    ],
    [
      111,
      0.00056
    ],
    [
      112,
      0.00056
    ],
    [
      113,
      0.00054
    ],
    [
      114,
      0.00053
    ],
    [
      115,
      0.00053
    ],
    [
      116,
      0.00053
    ],
    [
      117,
      0.00054
    ],
    [
      118,
      0.0005
    ],
    [
      119,
      0.00053
    ],
    [
      120,
      0.00052
    ],
    [
      121,
      0.0005
    ],
    [
      122,
      0.00051
    ],
    [
      123,
      0.00052
    ],
    [
      124,
      0.00051
    ],
    [
      125,
      0.00054
    ],
    [
      126,
      0.00052
    ],
    [
      127,
      0.00051
    ],
    [
      128,
      0.0005
    ],
    [
      129,
      0.00053
    ],
    [
      130,
      0.00053
    ],
    [
      131,
      0.0005
    ],
    [
      132,
      0.00053
    ],
    [
      133,
      0.00052
    ],
    [
      134,
      0.00049
    ],
    [
      135,
      0.0005
    ],
    [
      136,
      0.0005
    ],
    [
      137,
      0.0005
    ],
    [
      138,
      0.00051
    ],
    [
      139,
      0.0005
    ],
    [
      140,
      0.00052
    ],
    [
      141,
      0.00049
    ],
    [
      142,
      0.00052
    ],
    [
      143,
      0.0005
    ],
    [
      144,
      0.0005
    ],
    [
      145,
      0.0005
    ],
    [
      146,
      0.00049
    ],
    [
      147,
      0.00051
    ],
    [
      148,
      0.0005
    ],
    [
      149,
      0.00051
    ],
    [
      150,
      0.00048
    ],
    [
      151,
      0.00047
    ],
    [
      152,
      0.00049
    ],
    [
      153,
      0.00048
    ],
    [
      154,
      0.00047
    ],
    [
      155,
      0.0005
    ],
    [
      156,
      0.0005
    ],
    [
      157,
      0.00048
    ],
    [
      158,
      0.00047
    ],
    [
      159,
      0.00049
    ],
    [
      160,
      0.00047
    ],
    [
      161,
      0.00049
    ],
    [
      162,
      0.00048
    ],
    [
      163,
      0.00048
    ],
    [
      164,
      0.00048
    ],
    [
      165,
      0.00048
    ],
    [
      166,
      0.00052
    ],
    [
      167,
      0.00046
    ],
    [
      168,
      0.00047
    ],
    [
      169,
      0.00049
    ],
    [
      170,
      0.00047
    ],
    [
      171,
      0.00047
    ],
    [
      172,
      0.00048
    ],
    [
      173,
      0.00048
    ],
    [
      174,
      0.00046
    ],
    [
      175,
      0.00045
    ],
    [
      176,
      0.00048
    ],
    [
      177,
      0.00045
    ],
    [
      178,
      0.00047
    ],
    [
      179,
      0.00046
    ],
    [
      180,
      0.00044
    ],
    [
      181,
      0.00045
    ],
    [
      182,
      0.00045
    ],
    [
      183,
      0.00043
    ],
    [
      184,
      0.00044
    ],
    [
      185,
      0.00044
    ],
    [
      186,
      0.00045
    ],
    [
      187,
      0.00045
    ],
    [
      188,
      0.00045
    ],
    [
      189,
      0.00043
    ],
    [
      190,
      0.00043
    ],
    [
      191,
      0.00044
    ],
    [
      192,
      0.00043
    ],
    [
      193,
      0.00046
    ],
    [
      194,
      0.00043
    ],
    [
      195,
      0.00043
    ],
    [
      196,
      0.00044
    ],
    [
      197,
      0.00045
    ],
    [
      198,
      0.00045
    ],
    [
      199,
      0.00044
    ],
    [
      200,
      0.00044
    ]
  ],
  "lr": [
    [
      1,
      0.001
    ],
    [
      2,
      0.00099
    ],
    [
      3,
      0.00098
    ],
    [
      4,
      0.00097
    ],
    [
      5,
      0.00095
    ],
    [
      6,
      0.00094
    ],
    [
      7,
      0.00093
    ],
    [
      8,
      0.00092
    ],
    [
      9,
      0.00091
    ],
    [
      10,
      0.0009
    ],
    [
      11,
      0.00089
    ],
    [
      12,
      0.00088
    ],
    [
      13,
      0.00087
    ],
    [
      14,
      0.00086
    ],
    [
      15,
      0.00085
    ],
    [
      16,
      0.00084
    ],
    [
      17,
      0.00083
    ],
    [
      18,
      0.00082
    ],
    [
      19,
      0.00081
    ],
    [
      20,
      0.0008
    ],
    [
      21,
      0.00079
    ],
    [
      22,
      0.00079
    ],
    [
      23,
      0.00078
    ],
    [
      24,
      0.00077
    ],
    [
      25,
      0.00076
    ],
    [
      26,
      0.00075
    ],
    [
      27,
      0.00074
    ],
    [
      28,
      0.00073
    ],
    [
      29,
      0.00072
    ],
    [
      30,
      0.00072
    ],
    [
      31,
      0.00071
    ],
    [
      32,
      0.0007
    ],
    [
      33,
      0.00069
    ],
    [
      34,
      0.00068
    ],
    [
      35,
      0.00068
    ],
    [
      36,
      0.00067
    ],
    [
      37,
      0.00066
    ],
    [
      38,
      0.00065
    ],
    [
      39,
      0.00065
    ],
    [
      40,
      0.00064
    ],
    [
      41,
      0.00063
    ],
    [
      42,
      0.00062
    ],
    [
      43,
      0.00062
    ],
    [
      44,
      0.00061
    ],
    [
      45,
      0.0006
    ],
    [
      46,
      0.0006
    ],
    [
      47,
      0.00059
    ],
    [
      48,
      0.00058
    ],
    [
      49,
      0.00058
    ],
    [
      50,
      0.00057
    ],
    [
      51,
      0.00056
    ],
    [
      52,
      0.00056
    ],
    [
      53,
      0.00055
    ],
    [
      54,
      0.00054
    ],
    [
      55,
      0.00054
    ],
    [
      56,
      0.00053
    ],
    [
      57,
      0.00052
    ],
    [
      58,
      0.00052
    ],
    [
      59,
      0.00051
    ],
    [
      60,
      0.00051
    ],
    [
      61,
      0.0005
    ],
    [
      62,
      0.0005
    ],
    [
      63,
      0.00049
    ],
    [
      64,
      0.00048
    ],
    [
      65,
      0.00048
    ],
    [
      66,
      0.00047
    ],
    [
      67,
      0.00047
    ],
    [
      68,
      0.00046
    ],
    [
      69,
      0.00046
    ],
    [
      70,
      0.00045
    ],
    [
      71,
      0.00045
    ],
    [
      72,
      0.00044
    ],
    [
      73,
      0.00044
    ],
    [
      74,
      0.00043
    ],
    [
      75,
      0.00043
    ],
    [
      76,
      0.00042
    ],
    [
      77,
      0.00042
    ],
    [
      78,
      0.00041
    ],
    [
      79,
      0.00041
    ],
    [
      80,
      0.0004
    ],
    [
      81,
      0.0004
    ],
    [
      82,
      0.00039
    ],
    [
      83,
      0.00039
    ],
    [
      84,
      0.00038
    ],
    [
      85,
      0.00038
    ],
    [
      86,
      0.00038
    ],
    [
      87,
      0.00037
    ],
    [
      88,
      0.00037
    ],
    [
      89,
      0.00036
    ],
    [
      90,
      0.00036
    ],
    [
      91,
      0.00035
    ],
    [
      92,
      0.00035
    ],
    [
      93,
      0.00035
    ],
    [
      94,
      0.00034
    ],
    [
      95,
      0.00034
    ],
    [
      96,
      0.00033
    ],
    [
      97,
      0.00033
    ],
    [
      98,
      0.00033
    ],
    [
      99,
      0.00032
    ],
    [
      100,
      0.00032
    ],
    [
      101,
      0.00032
    ],
    [
      102,
      0.00031
    ],
    [
      103,
      0.00031
    ],
    [
      104,
      0.00031
    ],
    [
      105,
      0.0003
    ],
    [
      106,
      0.0003
    ],
    [
      107,
      0.0003
    ],
    [
      108,
      0.00029
    ],
    [
      109,
      0.00029
    ],
    [
      110,
      0.00029
    ],
    [
      111,
      0.00028
    ],
    [
      112,
      0.00028
    ],
    [
      113,
      0.00028
    ],
    [
      114,
      0.00027
    ],
    [
      115,
      0.00027
    ],
    [
      116,
      0.00027
    ],
    [
      117,
      0.00026
    ],
    [
      118,
      0.00026
    ],
    [
      119,
      0.00026
    ],
    [
      120,
      0.00025
    ],
    [
      121,
      0.00025
    ],
    [
      122,
      0.00025
    ],
    [
      123,
      0.00025
    ],
    [
      124,
      0.00024
    ],
    [
      125,
      0.00024
    ],
    [
      126,
      0.00024
    ],
    [
      127,
      0.00023
    ],
    [
      128,
      0.00023
    ],
    [
      129,
      0.00023
    ],
    [
      130,
      0.00023
    ],
    [
      131,
      0.00022
    ],
    [
      132,
      0.00022
    ],
    [
      133,
      0.00022
    ],
    [
      134,
      0.00022
    ],
    [
      135,
      0.00021
    ],
    [
      136,
      0.00021
    ],
    [
      137,
      0.00021
    ],
    [
      138,
      0.00021
    ],
    [
      139,
      0.0002
    ],
    [
      140,
      0.0002
    ],
    [
      141,
      0.0002
    ],
    [
      142,
      0.0002
    ],
    [
      143,
      0.00019
    ],
    [
      144,
      0.00019
    ],
    [
      145,
      0.00019
    ],
    [
      146,
      0.00019
    ],
    [
      147,
      0.00019
    ],
    [
      148,
      0.00018
    ],
    [
      149,
      0.00018
    ],
    [
      150,
      0.00018
    ],
    [
      151,
      0.00018
    ],
    [
      152,
      0.00018
    ],
    [
      153,
      0.00017
    ],
    [
      154,
      0.00017
    ],
    [
      155,
      0.00017
    ],
    [
      156,
      0.00017
    ],
    [
      157,
      0.00017
    ],
    [
      158,
      0.00016
    ],
    [
      159,
      0.00016
    ],
    [
      160,
      0.00016
    ],
    [
      161,
      0.00016
    ],
    [
      162,
      0.00016
    ],
    [
      163,
      0.00015
    ],
    [
      164,
      0.00015
    ],
    [
      165,
      0.00015
    ],
    [
      166,
      0.00015
    ],
    [
      167,
      0.00015
    ],
    [
      168,
      0.00015
    ],
    [
      169,
      0.00014
    ],
    [
      170,
      0.00014
    ],
    [
      171,
      0.00014
    ],
    [
      172,
      0.00014
    ],
    [
      173,
      0.00014
    ],
    [
      174,
      0.00014
    ],
    [
      175,
      0.00013
    ],
    [
      176,
      0.00013
    ],
    [
      177,
      0.00013
    ],
    [
      178,
      0.00013
    ],
    [
      179,
      0.00013
    ],
    [
      180,
      0.00013
    ],
    [
      181,
      0.00013
    ],
    [
      182,
      0.00012
    ],
    [
      183,
      0.00012
    ],
    [
      184,
      0.00012
    ],
    [
      185,
      0.00012
    ],
    [
      186,
      0.00012
    ],
    [
      187,
      0.00012
    ],
    [
      188,
      0.00012
    ],
    [
      189,
      0.00011
    ],
    [
      190,
      0.00011
    ],
    [
      191,
      0.00011
    ],
    [
      192,
      0.00011
    ],
    [
      193,
      0.00011
    ],
    [
      194,
      0.00011
    ],
    [
      195,
      0.00011
    ],
    [
      196,
      0.00011
    ],
    [
      197,
      0.0001
    ],
    [
      198,
      0.0001
    ],
    [
      199,
      0.0001
    ],
    [
      200,
      0.0001
    ]
  ],
  "val_acc": [
    [
      10,
      0.19393
    ],
    [
      20,
      0.51178
    ],
    [
      30,
      0.51656
    ],
    [
      40,
      0.54363
    ],
    [
      50,
      0.55217
    ],
    [
      60,
      0.54371
    ],
    [
      70,
      0.55047
    ],
    [
      80,
      0.53064
    ],
    [
      90,
      0.54219
    ],
    [
      100,
      0.54158
    ],
    [
      110,
      0.54554
    ],
    [
      120,
      0.58728
    ],
    [
      130,
      0.53355
    ],
    [
      140,
      0.63636
    ],
    [
      150,
      0.57091
    ],
    [
      160,
      0.58051
    ],
    [
      170,
      0.57806
    ],
    [
      180,
      0.56669
    ],
    [
      190,
      0.62456
    ],
    [
      200,
      0.58135
    ]
  ],
  "val_acc_squirrel": [
    [
      10,
      0.06818
    ],
    [
      20,
      0.52294
    ],
    [
      30,
      0.52934
    ],
    [
      40,
      0.5858
    ],
    [
      50,
      0.60654
    ],
    [
      60,
      0.58798
    ],
    [
      70,
      0.59296
    ],
    [
      80,
      0.5708
    ],
    [
      90,
      0.57912
    ],
    [
      100,
      0.57774
    ],
    [
      110,
      0.58626
    ],
    [
      120,
      0.67351
    ],
    [
      130,
      0.57182
    ],
    [
      140,
      0.69306
    ],
    [
      150,
      0.63901
    ],
    [
      160,
      0.65509
    ],
    [
      170,
      0.65182
    ],
    [
      180,
      0.63056
    ],
    [
      190,
      0.66393
    ],
    [
      200,
      0.57752
    ]
  ],
  "val_acc_rat": [
    [
      10,
      0.31967
    ],
    [
      20,
      0.50061
    ],
    [
      30,
      0.50378
    ],
    [
      40,
      0.50146
    ],
    [
      50,
      0.4978
    ],
    [
      60,
      0.49944
    ],
    [
      70,
      0.50799
    ],
    [
      80,
      0.49049
    ],
    [
      90,
      0.50525
    ],
    [
      100,
      0.50543
    ],
    [
      110,
      0.50482
    ],
    [
      120,
      0.50106
    ],
    [
      130,
      0.49529
    ],
    [
      140,
      0.57966
    ],
    [
      150,
      0.50281
    ],
    [
      160,
      0.50593
    ],
    [
      170,
      0.5043
    ],
    [
      180,
      0.50281
    ],
    [
      190,
      0.58519
    ],
    [
      200,
      0.58519
    ]
  ],
  "mean": 0,
  "std": 255,
  "label_type": "detection",
  "data_type": "image",
  "labels": [
    "squirrel",
    "rat"
  ],
  "best_eval": {
    "epoch": 140,
    "val_acc": 0.636,
    "val_info": [
      {
        "name": "b0f3e7c0f3274727a9cdd986b4a2f8e5.jpg",
        "nickname": "gettyimages-1252131992-612x612_jpg.rf.3702abc0f2679b4d998cc01aa1d07ad9.jpg",
        "pred": [
          [
            256,
            280,
            334,
            362,
            0.8247961401939392,
            1.0
          ],
          [
            212,
            210,
            335,
            309,
            0.5007040500640869,
            1.0
          ]
        ],
        "gt": [
          [
            67,
            240,
            150,
            316,
            1.0,
            1.0
          ],
          [
            241,
            204,
            338,
            284,
            1.0,
            1.0
          ],
          [
            189,
            228,
            290,
            303,
            1.0,
            1.0
          ],
          [
            254,
            280,
            332,
            362,
            1.0,
            1.0
          ],
          [
            119,
            225,
            204,
            280,
            1.0,
            1.0
          ]
        ],
        "ok": true
      },
      {
        "name": "b0fd82aefa39408ea8d88a910614d870.jpg",
        "nickname": "gettyimages-1685199150-612x612_jpg.rf.6b23f62ff2c5ffc7df3786b8dd80fe6e.jpg",
        "pred": [
          [
            73,
            117,
            183,
            218,
            0.7243762612342834,
            1.0
          ],
          [
            238,
            330,
            293,
            401,
            0.5618373155593872,
            1.0
          ]
        ],
        "gt": [
          [
            72,
            117,
            182,
            227,
            1.0,
            1.0
          ]
        ],
        "ok": false
      },
      {
        "name": "4a7f41f2ecff4562bbfd48745fb605d1.jpg",
        "nickname": "gettyimages-1756603582-612x612_jpg.rf.69c1a313820be142fe5d56c228102bb5.jpg",
        "pred": [
          [
            120,
            72,
            324,
            278,
            0.8476836085319519,
            1.0
          ],
          [
            171,
            211,
            269,
            336,
            0.7881725430488586,
            1.0
          ]
        ],
        "gt": [
          [
            65,
            72,
            312,
            368,
            1.0,
            1.0
          ]
        ],
        "ok": false
      },
      {
        "name": "d5b47a7876fe4e02902909c9ac0629c2.jpg",
        "nickname": "gettyimages-126547982-612x612_jpg.rf.adf6db1f12ee5d791834ea40c085a876.jpg",
        "pred": [
          [
            155,
            100,
            368,
            318,
            0.8724389672279358,
            0.0
          ],
          [
            35,
            10,
            85,
            116,
            0.7549446225166321,
            0.0
          ]
        ],
        "gt": [
          [
            152,
            104,
            358,
            332,
            1.0,
            0.0
          ]
        ],
        "ok": false
      },
      {
        "name": "d352d7dccb5d4d16a8a5e6fb36305204.jpg",
        "nickname": "240_F_619715620_LPpqUNezirJ3ydOTJYxsuQvMOUKTsiY4_jpg.rf.43b8fd5e2bccc71784a681e24a02e42d.jpg",
        "pred": [
          [
            194,
            98,
            279,
            266,
            0.8142687082290649,
            1.0
          ]
        ],
        "gt": [
          [
            195,
            100,
            280,
            238,
            1.0,
            1.0
          ]
        ],
        "ok": true
      },
      {
        "name": "90949aab750047d685a8f551c7a7bfa7.jpg",
        "nickname": "pexels-photo-14595471_jpeg.rf.f7cb5a6f65b4e4a16550580557492d53.jpg",
        "pred": [
          [
            87,
            100,
            422,
            410,
            0.8879409432411194,
            1.0
          ]
        ],
        "gt": [
          [
            87,
            84,
            414,
            407,
            1.0,
            1.0
          ]
        ],
        "ok": true
      },
      {
        "name": "758641ae06324ad38b0759abf96568a3.jpg",
        "nickname": "istockphoto-637990628-612x612_jpg.rf.2a36368d0a9612e4f389b68cb0b6030d.jpg",
        "pred": [
          [
            107,
            116,
            281,
            308,
            0.8654739260673523,
            0.0
          ]
        ],
        "gt": [
          [
            104,
            111,
            295,
            321,
            1.0,
            0.0
          ]
        ],
        "ok": true
      },
      {
        "name": "7eedc645427c402196178c8a2efbfa1d.jpg",
        "nickname": "istockphoto-1174782638-612x612_jpg.rf.e26f63832b06748ad78388e9820b919b.jpg",
        "pred": [
          [
            38,
            101,
            303,
            332,
            0.8387278318405151,
            0.0
          ]
        ],
        "gt": [
          [
            26,
            98,
            299,
            353,
            1.0,
            0.0
          ]
        ],
        "ok": true
      },
      {
        "name": "54100dbf9d774f718b545e4c556481d8.jpg",
        "nickname": "istockphoto-1335488672-612x612_jpg.rf.06e6ced2d93ce15eb8899ae52b3c1d08.jpg",
        "pred": [
          [
            26,
            128,
            239,
            315,
            0.8406289219856262,
            1.0
          ]
        ],
        "gt": [
          [
            71,
            100,
            236,
            310,
            1.0,
            0.0
          ]
        ],
        "ok": false
      },
      {
        "name": "75317ba10bed4df0a17257256605bf13.jpg",
        "nickname": "IMAG0395_jpg.rf.c2c3d43880fb6703c3b19d5fd472b528.jpg",
        "pred": [
          [
            205,
            235,
            261,
            360,
            0.7930862307548523,
            0.0
          ]
        ],
        "gt": [
          [
            210,
            236,
            260,
            357,
            1.0,
            0.0
          ]
        ],
        "ok": true
      },
      {
        "name": "372221ed92764b9b8347b0aeb3057a75.jpg",
        "nickname": "pexels-photo-9783104_jpeg.rf.5e3836e630aab48a5eb326bed881de31.jpg",
        "pred": [
          [
            155,
            87,
            246,
            280,
            0.642897367477417,
            0.0
          ]
        ],
        "gt": [
          [
            160,
            93,
            247,
            286,
            1.0,
            1.0
          ]
        ],
        "ok": false
      },
      {
        "name": "69881a0387e847bea150eb9861c6c691.jpg",
        "nickname": "istockphoto-1072345542-612x612_jpg.rf.fb7376a64dd25543f9ec7867738df00c.jpg",
        "pred": [
          [
            -8,
            67,
            275,
            401,
            0.7648487091064453,
            0.0
          ]
        ],
        "gt": [
          [
            0,
            72,
            249,
            223,
            1.0,
            0.0
          ]
        ],
        "ok": false
      }
    ]
  }
}